replicate;late_rate
1;0,065
2;0,081
3;0,069
4;0,058
5;0,065
6;0,069
7;0,073
8;0,065
9;0,055
10;0,063
11;0,094
12;0,056
13;0,066
14;0,069
15;0,064
16;0,057
17;0,069
18;0,084
19;0,071
20;0,082
21;0,084
22;0,063
23;0,070
24;0,063
25;0,079
26;0,073
27;0,068
28;0,067
29;0,065
30;0,056
31;0,061
32;0,079
33;0,077
34;0,062
35;0,062
36;0,066
37;0,058
38;0,056
39;0,086
40;0,056
41;0,060
42;0,070
43;0,060
44;0,060
45;0,069
46;0,066
47;0,057
48;0,064
49;0,077
50;0,072
51;0,066
52;0,064
53;0,075
54;0,066
55;0,053
56;0,077
57;0,063
58;0,070
59;0,067
60;0,069
61;0,071
62;0,062
63;0,067
64;0,067
65;0,062
66;0,067
67;0,067
68;0,064
69;0,070
70;0,066
71;0,052
72;0,065
73;0,053
74;0,072
75;0,071
76;0,065
77;0,057
78;0,065
79;0,053
80;0,059
81;0,078
82;0,071
83;0,058
84;0,065
85;0,078
86;0,077
87;0,068
88;0,064
89;0,060
90;0,082
91;0,063
92;0,070
93;0,062
94;0,063
95;0,055
96;0,073
97;0,068
98;0,067
99;0,080
100;0,068
101;0,064
102;0,064
103;0,048
104;0,064
105;0,068
106;0,063
107;0,072
108;0,069
109;0,071
110;0,066
111;0,077
112;0,073
113;0,072
114;0,062
115;0,076
116;0,066
117;0,052
118;0,063
119;0,064
120;0,072
121;0,066
122;0,075
123;0,058
124;0,053
125;0,078
126;0,077
127;0,065
128;0,072
129;0,060
130;0,063
131;0,068
132;0,063
133;0,071
134;0,049
135;0,073
136;0,060
137;0,074
138;0,069
139;0,076
140;0,077
141;0,057
142;0,063
143;0,064
144;0,073
145;0,065
146;0,058
147;0,064
148;0,064
149;0,066
150;0,061
151;0,066
152;0,076
153;0,068
154;0,070
155;0,082
156;0,080
157;0,055
158;0,074
159;0,080
160;0,051
161;0,085
162;0,076
163;0,068
164;0,078
165;0,086
166;0,087
167;0,078
168;0,074
169;0,066
170;0,063
171;0,065
172;0,088
173;0,064
174;0,051
175;0,075
176;0,068
177;0,048
178;0,059
179;0,064
180;0,077
181;0,068
182;0,063
183;0,066
184;0,077
185;0,070
186;0,072
187;0,055
188;0,075
189;0,060
190;0,060
191;0,077
192;0,075
193;0,072
194;0,075
195;0,066
196;0,072
197;0,064
198;0,055
199;0,067
200;0,078
201;0,065
202;0,055
203;0,065
204;0,068
205;0,059
206;0,078
207;0,052
208;0,066
209;0,070
210;0,062
211;0,071
212;0,067
213;0,064
214;0,070
215;0,066
216;0,059
217;0,073
218;0,060
219;0,067
220;0,058
221;0,068
222;0,074
223;0,069
224;0,068
225;0,073
226;0,071
227;0,077
228;0,065
229;0,055
230;0,068
231;0,066
232;0,071
233;0,067
234;0,066
235;0,067
236;0,063
237;0,080
238;0,068
239;0,092
240;0,070
241;0,069
242;0,061
243;0,064
244;0,081
245;0,061
246;0,075
247;0,055
248;0,074
249;0,058
250;0,071
251;0,062
252;0,097
253;0,069
254;0,062
255;0,064
256;0,057
257;0,064
258;0,073
259;0,058
260;0,085
261;0,071
262;0,064
263;0,072
264;0,056
265;0,079
266;0,070
267;0,051
268;0,069
269;0,074
270;0,066
271;0,065
272;0,075
273;0,073
274;0,076
275;0,056
276;0,063
277;0,068
278;0,068
279;0,067
280;0,060
281;0,070
282;0,069
283;0,061
284;0,079
285;0,083
286;0,077
287;0,072
288;0,088
289;0,064
290;0,068
291;0,060
292;0,055
293;0,074
294;0,071
295;0,075
296;0,062
297;0,069
298;0,077
299;0,073
300;0,079
301;0,069
302;0,079
303;0,062
304;0,068
305;0,070
306;0,071
307;0,071
308;0,068
309;0,069
310;0,079
311;0,069
312;0,077
313;0,063
314;0,069
315;0,067
316;0,049
317;0,065
318;0,067
319;0,068
320;0,052
321;0,078
322;0,067
323;0,055
324;0,072
325;0,058
326;0,070
327;0,068
328;0,062
329;0,063
330;0,063
331;0,064
332;0,067
333;0,077
334;0,072
335;0,073
336;0,061
337;0,062
338;0,076
339;0,061
340;0,068
341;0,063
342;0,057
343;0,057
344;0,061
345;0,066
346;0,061
347;0,080
348;0,067
349;0,067
350;0,074
351;0,064
352;0,075
353;0,060
354;0,075
355;0,071
356;0,081
357;0,070
358;0,072
359;0,063
360;0,071
361;0,071
362;0,057
363;0,059
364;0,067
365;0,074
366;0,061
367;0,061
368;0,076
369;0,059
370;0,065
371;0,076
372;0,063
373;0,068
374;0,062
375;0,074
376;0,066
377;0,062
378;0,062
379;0,079
380;0,069
381;0,054
382;0,061
383;0,060
384;0,069
385;0,060
386;0,068
387;0,062
388;0,066
389;0,069
390;0,069
391;0,074
392;0,063
393;0,057
394;0,064
395;0,054
396;0,056
397;0,053
398;0,085
399;0,068
400;0,064
401;0,058
402;0,059
403;0,069
404;0,072
405;0,074
406;0,062
407;0,067
408;0,071
409;0,076
410;0,083
411;0,044
412;0,062
413;0,075
414;0,066
415;0,066
416;0,059
417;0,067
418;0,074
419;0,053
420;0,058
421;0,059
422;0,070
423;0,065
424;0,068
425;0,075
426;0,067
427;0,072
428;0,085
429;0,070
430;0,083
431;0,079
432;0,069
433;0,055
434;0,071
435;0,060
436;0,062
437;0,067
438;0,065
439;0,070
440;0,062
441;0,072
442;0,078
443;0,055
444;0,065
445;0,072
446;0,064
447;0,057
448;0,067
449;0,068
450;0,073
451;0,061
452;0,065
453;0,070
454;0,079
455;0,068
456;0,084
457;0,066
458;0,061
459;0,068
460;0,063
461;0,060
462;0,079
463;0,064
464;0,056
465;0,065
466;0,056
467;0,055
468;0,063
469;0,061
470;0,049
471;0,053
472;0,060
473;0,066
474;0,062
475;0,063
476;0,066
477;0,061
478;0,059
479;0,063
480;0,054
481;0,060
482;0,066
483;0,069
484;0,073
485;0,086
486;0,074
487;0,062
488;0,058
489;0,066
490;0,062
491;0,070
492;0,063
493;0,069
494;0,071
495;0,074
496;0,063
497;0,065
498;0,077
499;0,066
500;0,061
501;0,069
502;0,074
503;0,060
504;0,070
505;0,053
506;0,079
507;0,057
508;0,074
509;0,068
510;0,065
511;0,063
512;0,075
513;0,072
514;0,062
515;0,062
516;0,074
517;0,070
518;0,064
519;0,052
520;0,056
521;0,082
522;0,072
523;0,060
524;0,075
525;0,066
526;0,073
527;0,072
528;0,073
529;0,062
530;0,062
531;0,060
532;0,063
533;0,072
534;0,064
535;0,074
536;0,077
537;0,055
538;0,075
539;0,063
540;0,061
541;0,075
542;0,060
543;0,060
544;0,066
545;0,064
546;0,062
547;0,073
548;0,071
549;0,062
550;0,059
551;0,082
552;0,067
553;0,068
554;0,061
555;0,055
556;0,069
557;0,063
558;0,074
559;0,065
560;0,063
561;0,079
562;0,071
563;0,079
564;0,071
565;0,072
566;0,072
567;0,075
568;0,084
569;0,073
570;0,063
571;0,065
572;0,068
573;0,061
574;0,069
575;0,068
576;0,077
577;0,053
578;0,063
579;0,052
580;0,057
581;0,068
582;0,060
583;0,060
584;0,065
585;0,075
586;0,072
587;0,068
588;0,072
589;0,063
590;0,052
591;0,072
592;0,071
593;0,068
594;0,071
595;0,073
596;0,075
597;0,060
598;0,067
599;0,077
600;0,072
601;0,072
602;0,053
603;0,072
604;0,080
605;0,071
606;0,078
607;0,062
608;0,057
609;0,064
610;0,066
611;0,068
612;0,074
613;0,072
614;0,066
615;0,070
616;0,077
617;0,069
618;0,077
619;0,064
620;0,065
621;0,075
622;0,058
623;0,077
624;0,080
625;0,068
626;0,062
627;0,064
628;0,066
629;0,067
630;0,079
631;0,068
632;0,079
633;0,077
634;0,070
635;0,072
636;0,070
637;0,063
638;0,062
639;0,067
640;0,059
641;0,078
642;0,061
643;0,061
644;0,073
645;0,057
646;0,073
647;0,079
648;0,066
649;0,063
650;0,073
651;0,067
652;0,068
653;0,084
654;0,063
655;0,062
656;0,071
657;0,077
658;0,065
659;0,072
660;0,066
661;0,073
662;0,066
663;0,067
664;0,063
665;0,066
666;0,066
667;0,076
668;0,072
669;0,060
670;0,066
671;0,073
672;0,071
673;0,090
674;0,078
675;0,079
676;0,062
677;0,065
678;0,073
679;0,071
680;0,072
681;0,055
682;0,082
683;0,079
684;0,056
685;0,077
686;0,079
687;0,073
688;0,086
689;0,063
690;0,070
691;0,064
692;0,062
693;0,073
694;0,058
695;0,061
696;0,079
697;0,081
698;0,059
699;0,079
700;0,067
701;0,075
702;0,056
703;0,050
704;0,062
705;0,064
706;0,061
707;0,067
708;0,061
709;0,069
710;0,063
711;0,069
712;0,050
713;0,076
714;0,054
715;0,070
716;0,052
717;0,072
718;0,079
719;0,081
720;0,066
721;0,063
722;0,068
723;0,071
724;0,046
725;0,065
726;0,069
727;0,047
728;0,065
729;0,061
730;0,075
731;0,066
732;0,051
733;0,077
734;0,055
735;0,075
736;0,073
737;0,069
738;0,072
739;0,065
740;0,075
741;0,079
742;0,048
743;0,058
744;0,064
745;0,062
746;0,064
747;0,072
748;0,075
749;0,058
750;0,063
751;0,070
752;0,059
753;0,080
754;0,082
755;0,068
756;0,083
757;0,050
758;0,050
759;0,062
760;0,066
761;0,064
762;0,067
763;0,055
764;0,077
765;0,062
766;0,051
767;0,057
768;0,085
769;0,071
770;0,071
771;0,064
772;0,061
773;0,064
774;0,064
775;0,060
776;0,073
777;0,071
778;0,056
779;0,058
780;0,079
781;0,070
782;0,064
783;0,056
784;0,057
785;0,067
786;0,060
787;0,064
788;0,077
789;0,058
790;0,074
791;0,077
792;0,059
793;0,069
794;0,055
795;0,053
796;0,061
797;0,059
798;0,054
799;0,059
800;0,063
801;0,067
802;0,069
803;0,065
804;0,062
805;0,063
806;0,063
807;0,072
808;0,065
809;0,072
810;0,067
811;0,083
812;0,073
813;0,070
814;0,073
815;0,072
816;0,071
817;0,068
818;0,073
819;0,059
820;0,054
821;0,057
822;0,057
823;0,070
824;0,066
825;0,070
826;0,081
827;0,066
828;0,064
829;0,063
830;0,068
831;0,063
832;0,062
833;0,073
834;0,058
835;0,075
836;0,058
837;0,079
838;0,064
839;0,065
840;0,063
841;0,072
842;0,069
843;0,065
844;0,065
845;0,069
846;0,061
847;0,059
848;0,078
849;0,065
850;0,067
851;0,069
852;0,063
853;0,075
854;0,071
855;0,058
856;0,086
857;0,065
858;0,063
859;0,067
860;0,070
861;0,057
862;0,075
863;0,062
864;0,068
865;0,066
866;0,063
867;0,063
868;0,067
869;0,072
870;0,075
871;0,051
872;0,081
873;0,071
874;0,060
875;0,060
876;0,074
877;0,076
878;0,063
879;0,077
880;0,065
881;0,061
882;0,068
883;0,061
884;0,065
885;0,070
886;0,053
887;0,077
888;0,063
889;0,074
890;0,067
891;0,043
892;0,059
893;0,064
894;0,060
895;0,069
896;0,069
897;0,075
898;0,065
899;0,063
900;0,061
901;0,073
902;0,075
903;0,077
904;0,079
905;0,074
906;0,052
907;0,072
908;0,057
909;0,069
910;0,080
911;0,076
912;0,063
913;0,080
914;0,069
915;0,061
916;0,059
917;0,070
918;0,068
919;0,054
920;0,069
921;0,071
922;0,068
923;0,069
924;0,075
925;0,078
926;0,077
927;0,072
928;0,063
929;0,060
930;0,077
931;0,066
932;0,082
933;0,062
934;0,077
935;0,069
936;0,065
937;0,067
938;0,049
939;0,072
940;0,070
941;0,068
942;0,071
943;0,069
944;0,065
945;0,084
946;0,075
947;0,057
948;0,075
949;0,061
950;0,068
951;0,063
952;0,068
953;0,075
954;0,065
955;0,068
956;0,063
957;0,061
958;0,070
959;0,063
960;0,062
961;0,064
962;0,085
963;0,063
964;0,056
965;0,063
966;0,057
967;0,065
968;0,067
969;0,062
970;0,071
971;0,081
972;0,064
973;0,057
974;0,051
975;0,067
976;0,060
977;0,068
978;0,069
979;0,064
980;0,055
981;0,062
982;0,083
983;0,076
984;0,068
985;0,063
986;0,067
987;0,075
988;0,067
989;0,065
990;0,070
991;0,062
992;0,066
993;0,060
994;0,062
995;0,085
996;0,074
997;0,061
998;0,064
999;0,060
1000;0,047
1001;0,079
1002;0,076
1003;0,084
1004;0,066
1005;0,064
1006;0,065
1007;0,050
1008;0,076
1009;0,073
1010;0,066
1011;0,075
1012;0,076
1013;0,077
1014;0,058
1015;0,059
1016;0,081
1017;0,064
1018;0,062
1019;0,066
1020;0,074
1021;0,060
1022;0,078
1023;0,066
1024;0,065
1025;0,071
1026;0,075
1027;0,067
1028;0,070
1029;0,062
1030;0,059
1031;0,044
1032;0,062
1033;0,090
1034;0,074
1035;0,066
1036;0,064
1037;0,063
1038;0,066
1039;0,072
1040;0,077
1041;0,062
1042;0,069
1043;0,071
1044;0,081
1045;0,063
1046;0,072
1047;0,074
1048;0,060
1049;0,059
1050;0,065
1051;0,069
1052;0,054
1053;0,063
1054;0,061
1055;0,058
1056;0,069
1057;0,061
1058;0,080
1059;0,062
1060;0,076
1061;0,074
1062;0,069
1063;0,068
1064;0,047
1065;0,061
1066;0,066
1067;0,065
1068;0,053
1069;0,060
1070;0,066
1071;0,068
1072;0,069
1073;0,058
1074;0,059
1075;0,058
1076;0,072
1077;0,065
1078;0,063
1079;0,076
1080;0,075
1081;0,062
1082;0,073
1083;0,066
1084;0,078
1085;0,072
1086;0,076
1087;0,075
1088;0,061
1089;0,089
1090;0,069
1091;0,071
1092;0,063
1093;0,071
1094;0,061
1095;0,061
1096;0,068
1097;0,061
1098;0,066
1099;0,064
1100;0,060
1101;0,070
1102;0,067
1103;0,064
1104;0,066
1105;0,085
1106;0,068
1107;0,067
1108;0,073
1109;0,063
1110;0,073
1111;0,066
1112;0,075
1113;0,071
1114;0,060
1115;0,068
1116;0,070
1117;0,063
1118;0,070
1119;0,076
1120;0,063
1121;0,067
1122;0,078
1123;0,056
1124;0,065
1125;0,076
1126;0,080
1127;0,062
1128;0,087
1129;0,056
1130;0,070
1131;0,061
1132;0,060
1133;0,074
1134;0,067
1135;0,065
1136;0,066
1137;0,068
1138;0,084
1139;0,072
1140;0,070
1141;0,076
1142;0,060
1143;0,066
1144;0,065
1145;0,059
1146;0,056
1147;0,057
1148;0,086
1149;0,059
1150;0,053
1151;0,067
1152;0,064
1153;0,071
1154;0,062
1155;0,071
1156;0,069
1157;0,064
1158;0,064
1159;0,071
1160;0,067
1161;0,053
1162;0,059
1163;0,068
1164;0,075
1165;0,055
1166;0,079
1167;0,079
1168;0,064
1169;0,064
1170;0,062
1171;0,059
1172;0,076
1173;0,071
1174;0,060
1175;0,078
1176;0,058
1177;0,066
1178;0,064
1179;0,090
1180;0,069
1181;0,071
1182;0,054
1183;0,064
1184;0,056
1185;0,067
1186;0,060
1187;0,070
1188;0,086
1189;0,080
1190;0,072
1191;0,069
1192;0,069
1193;0,058
1194;0,074
1195;0,074
1196;0,072
1197;0,071
1198;0,075
1199;0,063
1200;0,073
1201;0,066
1202;0,064
1203;0,068
1204;0,074
1205;0,064
1206;0,070
1207;0,068
1208;0,080
1209;0,068
1210;0,077
1211;0,061
1212;0,063
1213;0,069
1214;0,065
1215;0,067
1216;0,067
1217;0,072
1218;0,072
1219;0,055
1220;0,059
1221;0,068
1222;0,066
1223;0,079
1224;0,074
1225;0,075
1226;0,072
1227;0,070
1228;0,067
1229;0,069
1230;0,081
1231;0,068
1232;0,063
1233;0,061
1234;0,078
1235;0,082
1236;0,066
1237;0,072
1238;0,071
1239;0,073
1240;0,059
1241;0,064
1242;0,068
1243;0,073
1244;0,059
1245;0,071
1246;0,065
1247;0,079
1248;0,056
1249;0,071
1250;0,063
1251;0,063
1252;0,059
1253;0,060
1254;0,074
1255;0,071
1256;0,072
1257;0,064
1258;0,062
1259;0,055
1260;0,069
1261;0,065
1262;0,056
1263;0,063
1264;0,069
1265;0,048
1266;0,074
1267;0,060
1268;0,071
1269;0,065
1270;0,077
1271;0,072
1272;0,054
1273;0,057
1274;0,068
1275;0,059
1276;0,048
1277;0,079
1278;0,064
1279;0,073
1280;0,066
1281;0,066
1282;0,073
1283;0,069
1284;0,072
1285;0,063
1286;0,059
1287;0,056
1288;0,068
1289;0,058
1290;0,069
1291;0,048
1292;0,061
1293;0,067
1294;0,073
1295;0,070
1296;0,070
1297;0,087
1298;0,061
1299;0,069
1300;0,076
1301;0,072
1302;0,069
1303;0,057
1304;0,065
1305;0,058
1306;0,070
1307;0,063
1308;0,068
1309;0,057
1310;0,069
1311;0,068
1312;0,072
1313;0,067
1314;0,051
1315;0,085
1316;0,056
1317;0,055
1318;0,064
1319;0,073
1320;0,076
1321;0,054
1322;0,084
1323;0,056
1324;0,079
1325;0,059
1326;0,068
1327;0,079
1328;0,061
1329;0,067
1330;0,073
1331;0,064
1332;0,067
1333;0,068
1334;0,068
1335;0,077
1336;0,068
1337;0,067
1338;0,055
1339;0,075
1340;0,059
1341;0,061
1342;0,086
1343;0,064
1344;0,064
1345;0,047
1346;0,078
1347;0,077
1348;0,062
1349;0,056
1350;0,068
1351;0,071
1352;0,056
1353;0,070
1354;0,073
1355;0,065
1356;0,069
1357;0,079
1358;0,068
1359;0,057
1360;0,053
1361;0,060
1362;0,077
1363;0,068
1364;0,061
1365;0,060
1366;0,070
1367;0,075
1368;0,063
1369;0,083
1370;0,065
1371;0,055
1372;0,062
1373;0,085
1374;0,057
1375;0,071
1376;0,060
1377;0,069
1378;0,070
1379;0,070
1380;0,064
1381;0,065
1382;0,064
1383;0,070
1384;0,070
1385;0,068
1386;0,071
1387;0,063
1388;0,059
1389;0,061
1390;0,067
1391;0,072
1392;0,069
1393;0,061
1394;0,072
1395;0,082
1396;0,063
1397;0,077
1398;0,063
1399;0,081
1400;0,063
1401;0,054
1402;0,085
1403;0,056
1404;0,067
1405;0,078
1406;0,079
1407;0,070
1408;0,058
1409;0,062
1410;0,077
1411;0,060
1412;0,063
1413;0,075
1414;0,061
1415;0,072
1416;0,084
1417;0,060
1418;0,067
1419;0,069
1420;0,079
1421;0,062
1422;0,068
1423;0,071
1424;0,072
1425;0,065
1426;0,065
1427;0,067
1428;0,066
1429;0,058
1430;0,061
1431;0,085
1432;0,074
1433;0,056
1434;0,064
1435;0,067
1436;0,081
1437;0,066
1438;0,063
1439;0,074
1440;0,054
1441;0,068
1442;0,078
1443;0,061
1444;0,078
1445;0,076
1446;0,068
1447;0,072
1448;0,078
1449;0,072
1450;0,075
1451;0,064
1452;0,069
1453;0,066
1454;0,068
1455;0,081
1456;0,079
1457;0,082
1458;0,072
1459;0,075
1460;0,061
1461;0,072
1462;0,075
1463;0,069
1464;0,079
1465;0,052
1466;0,071
1467;0,052
1468;0,065
1469;0,071
1470;0,063
1471;0,062
1472;0,064
1473;0,071
1474;0,075
1475;0,068
1476;0,064
1477;0,080
1478;0,072
1479;0,080
1480;0,071
1481;0,067
1482;0,078
1483;0,059
1484;0,084
1485;0,074
1486;0,054
1487;0,079
1488;0,059
1489;0,068
1490;0,057
1491;0,071
1492;0,067
1493;0,077
1494;0,057
1495;0,065
1496;0,070
1497;0,042
1498;0,069
1499;0,062
1500;0,058
1501;0,063
1502;0,056
1503;0,074
1504;0,074
1505;0,066
1506;0,075
1507;0,069
1508;0,065
1509;0,065
1510;0,064
1511;0,059
1512;0,063
1513;0,066
1514;0,070
1515;0,064
1516;0,073
1517;0,066
1518;0,059
1519;0,073
1520;0,063
1521;0,090
1522;0,099
1523;0,067
1524;0,072
1525;0,066
1526;0,059
1527;0,075
1528;0,062
1529;0,066
1530;0,082
1531;0,081
1532;0,060
1533;0,083
1534;0,063
1535;0,069
1536;0,065
1537;0,067
1538;0,076
1539;0,074
1540;0,064
1541;0,062
1542;0,067
1543;0,059
1544;0,064
1545;0,063
1546;0,077
1547;0,058
1548;0,064
1549;0,061
1550;0,081
1551;0,069
1552;0,063
1553;0,078
1554;0,066
1555;0,076
1556;0,075
1557;0,075
1558;0,063
1559;0,065
1560;0,056
1561;0,070
1562;0,066
1563;0,072
1564;0,077
1565;0,058
1566;0,060
1567;0,079
1568;0,060
1569;0,054
1570;0,057
1571;0,074
1572;0,065
1573;0,080
1574;0,075
1575;0,052
1576;0,063
1577;0,070
1578;0,064
1579;0,078
1580;0,076
1581;0,066
1582;0,073
1583;0,071
1584;0,054
1585;0,068
1586;0,069
1587;0,076
1588;0,060
1589;0,074
1590;0,059
1591;0,064
1592;0,058
1593;0,080
1594;0,051
1595;0,066
1596;0,065
1597;0,055
1598;0,066
1599;0,078
1600;0,067
1601;0,060
1602;0,058
1603;0,076
1604;0,076
1605;0,050
1606;0,064
1607;0,054
1608;0,069
1609;0,076
1610;0,064
1611;0,069
1612;0,073
1613;0,067
1614;0,076
1615;0,066
1616;0,069
1617;0,071
1618;0,067
1619;0,063
1620;0,065
1621;0,069
1622;0,068
1623;0,073
1624;0,077
1625;0,061
1626;0,063
1627;0,068
1628;0,064
1629;0,067
1630;0,064
1631;0,067
1632;0,070
1633;0,072
1634;0,060
1635;0,073
1636;0,061
1637;0,064
1638;0,063
1639;0,068
1640;0,062
1641;0,070
1642;0,060
1643;0,054
1644;0,071
1645;0,072
1646;0,068
1647;0,053
1648;0,075
1649;0,068
1650;0,056
1651;0,063
1652;0,064
1653;0,081
1654;0,077
1655;0,066
1656;0,061
1657;0,070
1658;0,063
1659;0,067
1660;0,067
1661;0,072
1662;0,070
1663;0,048
1664;0,072
1665;0,076
1666;0,067
1667;0,084
1668;0,050
1669;0,055
1670;0,053
1671;0,075
1672;0,074
1673;0,065
1674;0,064
1675;0,054
1676;0,072
1677;0,061
1678;0,058
1679;0,058
1680;0,076
1681;0,081
1682;0,064
1683;0,079
1684;0,066
1685;0,067
1686;0,059
1687;0,063
1688;0,067
1689;0,070
1690;0,062
1691;0,066
1692;0,061
1693;0,072
1694;0,055
1695;0,079
1696;0,062
1697;0,053
1698;0,075
1699;0,056
1700;0,072
1701;0,076
1702;0,062
1703;0,069
1704;0,067
1705;0,063
1706;0,065
1707;0,059
1708;0,074
1709;0,070
1710;0,070
1711;0,075
1712;0,068
1713;0,051
1714;0,069
1715;0,092
1716;0,072
1717;0,060
1718;0,075
1719;0,069
1720;0,069
1721;0,056
1722;0,061
1723;0,052
1724;0,076
1725;0,069
1726;0,066
1727;0,065
1728;0,068
1729;0,071
1730;0,054
1731;0,084
1732;0,070
1733;0,061
1734;0,073
1735;0,078
1736;0,063
1737;0,068
1738;0,058
1739;0,074
1740;0,051
1741;0,072
1742;0,069
1743;0,056
1744;0,064
1745;0,061
1746;0,071
1747;0,067
1748;0,065
1749;0,077
1750;0,070
1751;0,077
1752;0,068
1753;0,085
1754;0,066
1755;0,079
1756;0,059
1757;0,057
1758;0,069
1759;0,068
1760;0,079
1761;0,071
1762;0,068
1763;0,067
1764;0,081
1765;0,063
1766;0,056
1767;0,076
1768;0,058
1769;0,063
1770;0,057
1771;0,056
1772;0,076
1773;0,076
1774;0,065
1775;0,071
1776;0,084
1777;0,052
1778;0,067
1779;0,050
1780;0,060
1781;0,071
1782;0,059
1783;0,069
1784;0,067
1785;0,069
1786;0,065
1787;0,057
1788;0,065
1789;0,077
1790;0,076
1791;0,070
1792;0,057
1793;0,067
1794;0,092
1795;0,071
1796;0,071
1797;0,062
1798;0,072
1799;0,057
1800;0,078
1801;0,055
1802;0,074
1803;0,053
1804;0,068
1805;0,060
1806;0,072
1807;0,064
1808;0,085
1809;0,070
1810;0,084
1811;0,061
1812;0,065
1813;0,057
1814;0,067
1815;0,068
1816;0,065
1817;0,050
1818;0,065
1819;0,071
1820;0,064
1821;0,064
1822;0,057
1823;0,069
1824;0,072
1825;0,065
1826;0,063
1827;0,057
1828;0,073
1829;0,067
1830;0,064
1831;0,057
1832;0,061
1833;0,069
1834;0,071
1835;0,063
1836;0,072
1837;0,071
1838;0,085
1839;0,072
1840;0,071
1841;0,064
1842;0,047
1843;0,063
1844;0,056
1845;0,066
1846;0,074
1847;0,080
1848;0,065
1849;0,063
1850;0,067
1851;0,081
1852;0,078
1853;0,071
1854;0,079
1855;0,057
1856;0,070
1857;0,056
1858;0,062
1859;0,062
1860;0,054
1861;0,059
1862;0,067
1863;0,080
1864;0,066
1865;0,063
1866;0,072
1867;0,070
1868;0,065
1869;0,067
1870;0,070
1871;0,077
1872;0,070
1873;0,059
1874;0,062
1875;0,060
1876;0,075
1877;0,071
1878;0,070
1879;0,082
1880;0,063
1881;0,074
1882;0,070
1883;0,062
1884;0,067
1885;0,074
1886;0,070
1887;0,078
1888;0,054
1889;0,062
1890;0,070
1891;0,076
1892;0,066
1893;0,062
1894;0,052
1895;0,076
1896;0,067
1897;0,064
1898;0,063
1899;0,079
1900;0,061
1901;0,063
1902;0,076
1903;0,074
1904;0,068
1905;0,083
1906;0,057
1907;0,081
1908;0,058
1909;0,073
1910;0,076
1911;0,067
1912;0,067
1913;0,060
1914;0,058
1915;0,066
1916;0,066
1917;0,057
1918;0,066
1919;0,068
1920;0,076
1921;0,059
1922;0,063
1923;0,062
1924;0,064
1925;0,064
1926;0,070
1927;0,059
1928;0,060
1929;0,069
1930;0,058
1931;0,075
1932;0,081
1933;0,061
1934;0,062
1935;0,063
1936;0,066
1937;0,066
1938;0,092
1939;0,071
1940;0,074
1941;0,059
1942;0,063
1943;0,066
1944;0,061
1945;0,057
1946;0,073
1947;0,062
1948;0,074
1949;0,074
1950;0,058
1951;0,059
1952;0,076
1953;0,064
1954;0,063
1955;0,070
1956;0,071
1957;0,061
1958;0,071
1959;0,070
1960;0,076
1961;0,068
1962;0,075
1963;0,067
1964;0,054
1965;0,068
1966;0,079
1967;0,078
1968;0,065
1969;0,071
1970;0,072
1971;0,062
1972;0,056
1973;0,067
1974;0,063
1975;0,061
1976;0,069
1977;0,069
1978;0,059
1979;0,060
1980;0,082
1981;0,073
1982;0,074
1983;0,077
1984;0,069
1985;0,072
1986;0,065
1987;0,067
1988;0,061
1989;0,060
1990;0,082
1991;0,084
1992;0,055
1993;0,068
1994;0,077
1995;0,056
1996;0,057
1997;0,061
1998;0,066
1999;0,072
2000;0,067
2001;0,064
2002;0,069
2003;0,074
2004;0,066
2005;0,067
2006;0,071
2007;0,068
2008;0,065
2009;0,058
2010;0,073
2011;0,056
2012;0,068
2013;0,054
2014;0,072
2015;0,060
2016;0,071
2017;0,066
2018;0,057
2019;0,066
2020;0,063
2021;0,067
2022;0,057
2023;0,065
2024;0,067
2025;0,060
2026;0,076
2027;0,053
2028;0,074
2029;0,067
2030;0,065
2031;0,061
2032;0,077
2033;0,068
2034;0,069
2035;0,077
2036;0,063
2037;0,058
2038;0,081
2039;0,071
2040;0,071
2041;0,062
2042;0,067
2043;0,064
2044;0,065
2045;0,073
2046;0,059
2047;0,060
2048;0,069
2049;0,069
2050;0,058
2051;0,067
2052;0,062
2053;0,055
2054;0,056
2055;0,068
2056;0,067
2057;0,060
2058;0,058
2059;0,068
2060;0,068
2061;0,070
2062;0,068
2063;0,068
2064;0,076
2065;0,066
2066;0,066
2067;0,072
2068;0,068
2069;0,057
2070;0,070
2071;0,068
2072;0,084
2073;0,061
2074;0,073
2075;0,071
2076;0,071
2077;0,073
2078;0,068
2079;0,065
2080;0,069
2081;0,074
2082;0,070
2083;0,072
2084;0,058
2085;0,072
2086;0,070
2087;0,058
2088;0,067
2089;0,066
2090;0,066
2091;0,070
2092;0,092
2093;0,063
2094;0,076
2095;0,072
2096;0,073
2097;0,058
2098;0,055
2099;0,061
2100;0,056
2101;0,059
2102;0,075
2103;0,069
2104;0,067
2105;0,065
2106;0,059
2107;0,077
2108;0,060
2109;0,059
2110;0,070
2111;0,053
2112;0,061
2113;0,065
2114;0,072
2115;0,065
2116;0,067
2117;0,062
2118;0,064
2119;0,057
2120;0,066
2121;0,073
2122;0,072
2123;0,063
2124;0,078
2125;0,067
2126;0,082
2127;0,070
2128;0,069
2129;0,068
2130;0,070
2131;0,066
2132;0,060
2133;0,069
2134;0,071
2135;0,073
2136;0,073
2137;0,057
2138;0,073
2139;0,059
2140;0,076
2141;0,058
2142;0,065
2143;0,082
2144;0,060
2145;0,072
2146;0,054
2147;0,063
2148;0,071
2149;0,070
2150;0,064
2151;0,061
2152;0,058
2153;0,060
2154;0,068
2155;0,070
2156;0,063
2157;0,059
2158;0,074
2159;0,068
2160;0,077
2161;0,063
2162;0,056
2163;0,070
2164;0,069
2165;0,051
2166;0,072
2167;0,068
2168;0,069
2169;0,069
2170;0,081
2171;0,061
2172;0,068
2173;0,082
2174;0,063
2175;0,060
2176;0,064
2177;0,079
2178;0,067
2179;0,068
2180;0,069
2181;0,068
2182;0,065
2183;0,064
2184;0,076
2185;0,063
2186;0,067
2187;0,065
2188;0,067
2189;0,061
2190;0,058
2191;0,073
2192;0,052
2193;0,075
2194;0,063
2195;0,070
2196;0,073
2197;0,061
2198;0,068
2199;0,073
2200;0,064
2201;0,060
2202;0,066
2203;0,070
2204;0,059
2205;0,056
2206;0,061
2207;0,065
2208;0,057
2209;0,060
2210;0,063
2211;0,077
2212;0,067
2213;0,059
2214;0,068
2215;0,050
2216;0,056
2217;0,076
2218;0,066
2219;0,068
2220;0,077
2221;0,061
2222;0,060
2223;0,081
2224;0,065
2225;0,066
2226;0,060
2227;0,069
2228;0,075
2229;0,075
2230;0,053
2231;0,065
2232;0,073
2233;0,055
2234;0,057
2235;0,070
2236;0,077
2237;0,064
2238;0,072
2239;0,062
2240;0,074
2241;0,056
2242;0,076
2243;0,082
2244;0,057
2245;0,073
2246;0,064
2247;0,059
2248;0,067
2249;0,074
2250;0,065
2251;0,076
2252;0,069
2253;0,074
2254;0,060
2255;0,069
2256;0,060
2257;0,067
2258;0,068
2259;0,073
2260;0,069
2261;0,064
2262;0,072
2263;0,073
2264;0,075
2265;0,063
2266;0,069
2267;0,064
2268;0,086
2269;0,061
2270;0,058
2271;0,078
2272;0,059
2273;0,067
2274;0,057
2275;0,067
2276;0,054
2277;0,061
2278;0,058
2279;0,061
2280;0,071
2281;0,077
2282;0,069
2283;0,072
2284;0,069
2285;0,067
2286;0,066
2287;0,066
2288;0,066
2289;0,055
2290;0,072
2291;0,073
2292;0,073
2293;0,058
2294;0,051
2295;0,056
2296;0,068
2297;0,058
2298;0,064
2299;0,069
2300;0,058
2301;0,074
2302;0,062
2303;0,071
2304;0,060
2305;0,058
2306;0,070
2307;0,059
2308;0,078
2309;0,068
2310;0,064
2311;0,070
2312;0,065
2313;0,062
2314;0,067
2315;0,067
2316;0,072
2317;0,067
2318;0,079
2319;0,062
2320;0,062
2321;0,074
2322;0,080
2323;0,059
2324;0,073
2325;0,060
2326;0,071
2327;0,068
2328;0,050
2329;0,078
2330;0,066
2331;0,056
2332;0,068
2333;0,062
2334;0,061
2335;0,077
2336;0,064
2337;0,064
2338;0,059
2339;0,059
2340;0,077
2341;0,075
2342;0,069
2343;0,063
2344;0,070
2345;0,071
2346;0,061
2347;0,066
2348;0,076
2349;0,071
2350;0,067
2351;0,065
2352;0,055
2353;0,075
2354;0,074
2355;0,054
2356;0,073
2357;0,074
2358;0,083
2359;0,065
2360;0,067
2361;0,062
2362;0,055
2363;0,081
2364;0,059
2365;0,069
2366;0,086
2367;0,067
2368;0,089
2369;0,075
2370;0,063
2371;0,060
2372;0,066
2373;0,073
2374;0,063
2375;0,076
2376;0,065
2377;0,061
2378;0,075
2379;0,049
2380;0,071
2381;0,060
2382;0,091
2383;0,061
2384;0,074
2385;0,063
2386;0,057
2387;0,062
2388;0,076
2389;0,079
2390;0,068
2391;0,073
2392;0,075
2393;0,080
2394;0,074
2395;0,064
2396;0,070
2397;0,075
2398;0,080
2399;0,070
2400;0,062
2401;0,065
2402;0,073
2403;0,068
2404;0,073
2405;0,084
2406;0,063
2407;0,068
2408;0,061
2409;0,052
2410;0,079
2411;0,068
2412;0,069
2413;0,063
2414;0,068
2415;0,072
2416;0,069
2417;0,077
2418;0,079
2419;0,084
2420;0,057
2421;0,063
2422;0,076
2423;0,062
2424;0,060
2425;0,072
2426;0,071
2427;0,067
2428;0,069
2429;0,063
2430;0,060
2431;0,058
2432;0,072
2433;0,071
2434;0,061
2435;0,061
2436;0,060
2437;0,071
2438;0,073
2439;0,061
2440;0,064
2441;0,061
2442;0,054
2443;0,065
2444;0,067
2445;0,078
2446;0,084
2447;0,064
2448;0,067
2449;0,067
2450;0,066
2451;0,062
2452;0,064
2453;0,076
2454;0,069
2455;0,083
2456;0,064
2457;0,073
2458;0,067
2459;0,061
2460;0,075
2461;0,070
2462;0,070
2463;0,074
2464;0,070
2465;0,063
2466;0,058
2467;0,083
2468;0,064
2469;0,052
2470;0,066
2471;0,065
2472;0,068
2473;0,064
2474;0,076
2475;0,064
2476;0,071
2477;0,066
2478;0,059
2479;0,077
2480;0,064
2481;0,056
2482;0,070
2483;0,069
2484;0,048
2485;0,078
2486;0,062
2487;0,064
2488;0,066
2489;0,072
2490;0,062
2491;0,081
2492;0,065
2493;0,068
2494;0,059
2495;0,063
2496;0,060
2497;0,073
2498;0,073
2499;0,074
2500;0,078
2501;0,050
2502;0,049
2503;0,058
2504;0,076
2505;0,074
2506;0,071
2507;0,078
2508;0,062
2509;0,070
2510;0,058
2511;0,064
2512;0,066
2513;0,069
2514;0,067
2515;0,076
2516;0,081
2517;0,068
2518;0,075
2519;0,066
2520;0,075
2521;0,078
2522;0,078
2523;0,069
2524;0,072
2525;0,078
2526;0,084
2527;0,073
2528;0,058
2529;0,080
2530;0,058
2531;0,065
2532;0,058
2533;0,068
2534;0,059
2535;0,056
2536;0,073
2537;0,067
2538;0,059
2539;0,063
2540;0,073
2541;0,060
2542;0,063
2543;0,076
2544;0,068
2545;0,066
2546;0,069
2547;0,056
2548;0,056
2549;0,063
2550;0,065
2551;0,062
2552;0,075
2553;0,069
2554;0,075
2555;0,070
2556;0,070
2557;0,061
2558;0,059
2559;0,077
2560;0,086
2561;0,067
2562;0,062
2563;0,081
2564;0,074
2565;0,069
2566;0,063
2567;0,063
2568;0,072
2569;0,060
2570;0,069
2571;0,065
2572;0,080
2573;0,091
2574;0,082
2575;0,074
2576;0,058
2577;0,072
2578;0,084
2579;0,070
2580;0,085
2581;0,080
2582;0,079
2583;0,064
2584;0,084
2585;0,067
2586;0,065
2587;0,090
2588;0,068
2589;0,066
2590;0,059
2591;0,069
2592;0,065
2593;0,064
2594;0,069
2595;0,062
2596;0,066
2597;0,060
2598;0,071
2599;0,051
2600;0,056
2601;0,067
2602;0,066
2603;0,069
2604;0,064
2605;0,073
2606;0,051
2607;0,074
2608;0,056
2609;0,069
2610;0,069
2611;0,070
2612;0,057
2613;0,063
2614;0,058
2615;0,061
2616;0,062
2617;0,050
2618;0,067
2619;0,073
2620;0,045
2621;0,066
2622;0,071
2623;0,071
2624;0,062
2625;0,061
2626;0,072
2627;0,061
2628;0,076
2629;0,066
2630;0,059
2631;0,073
2632;0,068
2633;0,063
2634;0,071
2635;0,056
2636;0,059
2637;0,056
2638;0,073
2639;0,068
2640;0,058
2641;0,066
2642;0,062
2643;0,065
2644;0,045
2645;0,066
2646;0,061
2647;0,066
2648;0,064
2649;0,065
2650;0,062
2651;0,069
2652;0,060
2653;0,056
2654;0,069
2655;0,073
2656;0,068
2657;0,067
2658;0,067
2659;0,070
2660;0,073
2661;0,071
2662;0,062
2663;0,055
2664;0,071
2665;0,074
2666;0,061
2667;0,061
2668;0,060
2669;0,063
2670;0,071
2671;0,051
2672;0,067
2673;0,079
2674;0,067
2675;0,061
2676;0,082
2677;0,061
2678;0,079
2679;0,067
2680;0,070
2681;0,070
2682;0,055
2683;0,059
2684;0,068
2685;0,081
2686;0,077
2687;0,064
2688;0,064
2689;0,062
2690;0,062
2691;0,068
2692;0,069
2693;0,065
2694;0,066
2695;0,061
2696;0,056
2697;0,078
2698;0,069
2699;0,071
2700;0,069
2701;0,067
2702;0,064
2703;0,064
2704;0,069
2705;0,078
2706;0,066
2707;0,065
2708;0,075
2709;0,077
2710;0,073
2711;0,065
2712;0,073
2713;0,065
2714;0,053
2715;0,070
2716;0,050
2717;0,064
2718;0,051
2719;0,079
2720;0,064
2721;0,085
2722;0,083
2723;0,070
2724;0,061
2725;0,070
2726;0,066
2727;0,070
2728;0,055
2729;0,068
2730;0,059
2731;0,050
2732;0,065
2733;0,068
2734;0,071
2735;0,065
2736;0,066
2737;0,075
2738;0,066
2739;0,059
2740;0,072
2741;0,068
2742;0,058
2743;0,070
2744;0,083
2745;0,081
2746;0,057
2747;0,070
2748;0,059
2749;0,057
2750;0,075
2751;0,057
2752;0,052
2753;0,072
2754;0,072
2755;0,066
2756;0,067
2757;0,073
2758;0,065
2759;0,065
2760;0,063
2761;0,060
2762;0,070
2763;0,065
2764;0,062
2765;0,081
2766;0,058
2767;0,066
2768;0,058
2769;0,073
2770;0,059
2771;0,063
2772;0,073
2773;0,070
2774;0,063
2775;0,061
2776;0,072
2777;0,092
2778;0,070
2779;0,058
2780;0,074
2781;0,079
2782;0,061
2783;0,076
2784;0,071
2785;0,071
2786;0,069
2787;0,077
2788;0,066
2789;0,058
2790;0,072
2791;0,069
2792;0,065
2793;0,059
2794;0,069
2795;0,066
2796;0,073
2797;0,064
2798;0,064
2799;0,082
2800;0,059
2801;0,067
2802;0,058
2803;0,070
2804;0,056
2805;0,057
2806;0,068
2807;0,059
2808;0,064
2809;0,058
2810;0,059
2811;0,072
2812;0,075
2813;0,066
2814;0,064
2815;0,080
2816;0,065
2817;0,068
2818;0,063
2819;0,068
2820;0,075
2821;0,064
2822;0,075
2823;0,061
2824;0,065
2825;0,063
2826;0,074
2827;0,083
2828;0,069
2829;0,056
2830;0,058
2831;0,073
2832;0,069
2833;0,064
2834;0,066
2835;0,060
2836;0,077
2837;0,078
2838;0,067
2839;0,076
2840;0,057
2841;0,068
2842;0,063
2843;0,053
2844;0,067
2845;0,068
2846;0,072
2847;0,071
2848;0,065
2849;0,054
2850;0,082
2851;0,064
2852;0,074
2853;0,057
2854;0,063
2855;0,058
2856;0,058
2857;0,066
2858;0,065
2859;0,072
2860;0,046
2861;0,068
2862;0,056
2863;0,063
2864;0,081
2865;0,048
2866;0,070
2867;0,068
2868;0,075
2869;0,058
2870;0,068
2871;0,074
2872;0,057
2873;0,071
2874;0,068
2875;0,060
2876;0,061
2877;0,055
2878;0,062
2879;0,054
2880;0,071
2881;0,068
2882;0,069
2883;0,068
2884;0,078
2885;0,062
2886;0,062
2887;0,060
2888;0,074
2889;0,073
2890;0,080
2891;0,082
2892;0,074
2893;0,068
2894;0,066
2895;0,072
2896;0,078
2897;0,078
2898;0,067
2899;0,067
2900;0,069
2901;0,074
2902;0,065
2903;0,063
2904;0,079
2905;0,078
2906;0,062
2907;0,061
2908;0,061
2909;0,064
2910;0,081
2911;0,080
2912;0,076
2913;0,079
2914;0,067
2915;0,068
2916;0,076
2917;0,059
2918;0,065
2919;0,077
2920;0,072
2921;0,062
2922;0,068
2923;0,055
2924;0,080
2925;0,074
2926;0,071
2927;0,057
2928;0,058
2929;0,080
2930;0,078
2931;0,059
2932;0,065
2933;0,069
2934;0,069
2935;0,076
2936;0,053
2937;0,061
2938;0,062
2939;0,075
2940;0,049
2941;0,065
2942;0,069
2943;0,059
2944;0,065
2945;0,061
2946;0,069
2947;0,053
2948;0,074
2949;0,075
2950;0,060
2951;0,054
2952;0,057
2953;0,065
2954;0,054
2955;0,064
2956;0,063
2957;0,071
2958;0,057
2959;0,065
2960;0,076
2961;0,074
2962;0,063
2963;0,073
2964;0,068
2965;0,072
2966;0,065
2967;0,066
2968;0,066
2969;0,066
2970;0,061
2971;0,071
2972;0,069
2973;0,071
2974;0,068
2975;0,078
2976;0,060
2977;0,073
2978;0,067
2979;0,056
2980;0,072
2981;0,063
2982;0,066
2983;0,065
2984;0,073
2985;0,059
2986;0,078
2987;0,067
2988;0,056
2989;0,065
2990;0,075
2991;0,080
2992;0,060
2993;0,068
2994;0,071
2995;0,066
2996;0,070
2997;0,062
2998;0,056
2999;0,077
3000;0,071
3001;0,054
3002;0,071
3003;0,074
3004;0,067
3005;0,070
3006;0,072
3007;0,066
3008;0,051
3009;0,067
3010;0,064
3011;0,083
3012;0,067
3013;0,068
3014;0,072
3015;0,060
3016;0,061
3017;0,064
3018;0,078
3019;0,070
3020;0,075
3021;0,070
3022;0,070
3023;0,062
3024;0,065
3025;0,074
3026;0,055
3027;0,067
3028;0,066
3029;0,082
3030;0,074
3031;0,064
3032;0,053
3033;0,058
3034;0,078
3035;0,062
3036;0,075
3037;0,065
3038;0,077
3039;0,063
3040;0,072
3041;0,072
3042;0,066
3043;0,063
3044;0,075
3045;0,073
3046;0,063
3047;0,064
3048;0,075
3049;0,072
3050;0,068
3051;0,078
3052;0,068
3053;0,061
3054;0,066
3055;0,063
3056;0,056
3057;0,053
3058;0,065
3059;0,071
3060;0,076
3061;0,061
3062;0,053
3063;0,060
3064;0,059
3065;0,064
3066;0,064
3067;0,063
3068;0,067
3069;0,066
3070;0,053
3071;0,072
3072;0,069
3073;0,070
3074;0,059
3075;0,074
3076;0,068
3077;0,072
3078;0,077
3079;0,066
3080;0,067
3081;0,078
3082;0,076
3083;0,057
3084;0,084
3085;0,085
3086;0,061
3087;0,079
3088;0,067
3089;0,063
3090;0,060
3091;0,068
3092;0,065
3093;0,075
3094;0,070
3095;0,073
3096;0,063
3097;0,074
3098;0,065
3099;0,067
3100;0,076
3101;0,072
3102;0,070
3103;0,064
3104;0,053
3105;0,077
3106;0,058
3107;0,083
3108;0,076
3109;0,067
3110;0,072
3111;0,075
3112;0,059
3113;0,051
3114;0,061
3115;0,075
3116;0,069
3117;0,066
3118;0,072
3119;0,059
3120;0,069
3121;0,069
3122;0,066
3123;0,074
3124;0,073
3125;0,067
3126;0,073
3127;0,064
3128;0,063
3129;0,049
3130;0,068
3131;0,071
3132;0,085
3133;0,065
3134;0,059
3135;0,075
3136;0,065
3137;0,072
3138;0,063
3139;0,061
3140;0,052
3141;0,066
3142;0,057
3143;0,075
3144;0,057
3145;0,052
3146;0,069
3147;0,069
3148;0,067
3149;0,066
3150;0,059
3151;0,066
3152;0,063
3153;0,064
3154;0,058
3155;0,079
3156;0,075
3157;0,060
3158;0,068
3159;0,071
3160;0,058
3161;0,073
3162;0,073
3163;0,076
3164;0,057
3165;0,058
3166;0,068
3167;0,059
3168;0,079
3169;0,068
3170;0,100
3171;0,068
3172;0,068
3173;0,068
3174;0,061
3175;0,067
3176;0,061
3177;0,063
3178;0,057
3179;0,060
3180;0,063
3181;0,073
3182;0,067
3183;0,071
3184;0,058
3185;0,071
3186;0,065
3187;0,073
3188;0,074
3189;0,077
3190;0,070
3191;0,076
3192;0,068
3193;0,056
3194;0,071
3195;0,069
3196;0,059
3197;0,061
3198;0,057
3199;0,056
3200;0,061
3201;0,066
3202;0,062
3203;0,059
3204;0,075
3205;0,064
3206;0,077
3207;0,064
3208;0,067
3209;0,068
3210;0,057
3211;0,069
3212;0,050
3213;0,072
3214;0,073
3215;0,070
3216;0,076
3217;0,069
3218;0,074
3219;0,063
3220;0,071
3221;0,060
3222;0,062
3223;0,057
3224;0,060
3225;0,084
3226;0,053
3227;0,074
3228;0,074
3229;0,072
3230;0,080
3231;0,079
3232;0,059
3233;0,065
3234;0,071
3235;0,066
3236;0,047
3237;0,055
3238;0,055
3239;0,068
3240;0,082
3241;0,087
3242;0,069
3243;0,065
3244;0,063
3245;0,056
3246;0,081
3247;0,062
3248;0,065
3249;0,054
3250;0,067
3251;0,060
3252;0,065
3253;0,066
3254;0,068
3255;0,061
3256;0,066
3257;0,062
3258;0,087
3259;0,076
3260;0,056
3261;0,065
3262;0,083
3263;0,083
3264;0,056
3265;0,063
3266;0,066
3267;0,068
3268;0,061
3269;0,066
3270;0,084
3271;0,073
3272;0,076
3273;0,060
3274;0,056
3275;0,071
3276;0,058
3277;0,065
3278;0,073
3279;0,047
3280;0,044
3281;0,052
3282;0,083
3283;0,061
3284;0,064
3285;0,066
3286;0,067
3287;0,072
3288;0,059
3289;0,068
3290;0,068
3291;0,065
3292;0,060
3293;0,071
3294;0,077
3295;0,065
3296;0,070
3297;0,077
3298;0,082
3299;0,065
3300;0,061
3301;0,073
3302;0,071
3303;0,066
3304;0,073
3305;0,070
3306;0,063
3307;0,062
3308;0,067
3309;0,058
3310;0,068
3311;0,063
3312;0,069
3313;0,066
3314;0,070
3315;0,076
3316;0,053
3317;0,065
3318;0,058
3319;0,052
3320;0,060
3321;0,066
3322;0,071
3323;0,061
3324;0,070
3325;0,074
3326;0,075
3327;0,063
3328;0,059
3329;0,054
3330;0,062
3331;0,072
3332;0,073
3333;0,059
3334;0,062
3335;0,072
3336;0,063
3337;0,057
3338;0,084
3339;0,053
3340;0,065
3341;0,073
3342;0,079
3343;0,068
3344;0,071
3345;0,067
3346;0,055
3347;0,070
3348;0,063
3349;0,059
3350;0,066
3351;0,068
3352;0,068
3353;0,061
3354;0,061
3355;0,080
3356;0,061
3357;0,063
3358;0,080
3359;0,057
3360;0,083
3361;0,052
3362;0,069
3363;0,059
3364;0,052
3365;0,055
3366;0,067
3367;0,064
3368;0,075
3369;0,081
3370;0,076
3371;0,069
3372;0,069
3373;0,062
3374;0,070
3375;0,063
3376;0,081
3377;0,074
3378;0,068
3379;0,077
3380;0,078
3381;0,068
3382;0,055
3383;0,065
3384;0,063
3385;0,059
3386;0,054
3387;0,061
3388;0,079
3389;0,064
3390;0,068
3391;0,074
3392;0,064
3393;0,071
3394;0,064
3395;0,065
3396;0,069
3397;0,066
3398;0,069
3399;0,061
3400;0,067
3401;0,060
3402;0,068
3403;0,073
3404;0,054
3405;0,055
3406;0,061
3407;0,092
3408;0,067
3409;0,077
3410;0,084
3411;0,088
3412;0,075
3413;0,068
3414;0,067
3415;0,060
3416;0,078
3417;0,062
3418;0,076
3419;0,070
3420;0,064
3421;0,071
3422;0,063
3423;0,077
3424;0,065
3425;0,078
3426;0,065
3427;0,078
3428;0,067
3429;0,081
3430;0,075
3431;0,089
3432;0,069
3433;0,074
3434;0,067
3435;0,060
3436;0,057
3437;0,076
3438;0,061
3439;0,063
3440;0,066
3441;0,074
3442;0,066
3443;0,070
3444;0,062
3445;0,075
3446;0,073
3447;0,056
3448;0,071
3449;0,054
3450;0,069
3451;0,062
3452;0,082
3453;0,065
3454;0,070
3455;0,056
3456;0,074
3457;0,073
3458;0,060
3459;0,075
3460;0,052
3461;0,073
3462;0,075
3463;0,079
3464;0,066
3465;0,065
3466;0,079
3467;0,068
3468;0,081
3469;0,073
3470;0,078
3471;0,054
3472;0,063
3473;0,071
3474;0,065
3475;0,065
3476;0,073
3477;0,075
3478;0,070
3479;0,067
3480;0,081
3481;0,065
3482;0,057
3483;0,062
3484;0,054
3485;0,072
3486;0,059
3487;0,072
3488;0,056
3489;0,067
3490;0,069
3491;0,054
3492;0,068
3493;0,062
3494;0,064
3495;0,072
3496;0,066
3497;0,074
3498;0,074
3499;0,082
3500;0,075
3501;0,062
3502;0,056
3503;0,073
3504;0,055
3505;0,067
3506;0,061
3507;0,061
3508;0,053
3509;0,065
3510;0,068
3511;0,069
3512;0,084
3513;0,079
3514;0,055
3515;0,093
3516;0,058
3517;0,059
3518;0,075
3519;0,044
3520;0,063
3521;0,067
3522;0,056
3523;0,070
3524;0,071
3525;0,067
3526;0,070
3527;0,064
3528;0,061
3529;0,072
3530;0,068
3531;0,071
3532;0,084
3533;0,083
3534;0,063
3535;0,058
3536;0,084
3537;0,059
3538;0,067
3539;0,055
3540;0,080
3541;0,073
3542;0,074
3543;0,057
3544;0,075
3545;0,068
3546;0,059
3547;0,060
3548;0,063
3549;0,054
3550;0,069
3551;0,081
3552;0,068
3553;0,082
3554;0,075
3555;0,063
3556;0,065
3557;0,069
3558;0,062
3559;0,065
3560;0,054
3561;0,065
3562;0,077
3563;0,069
3564;0,075
3565;0,056
3566;0,058
3567;0,068
3568;0,076
3569;0,072
3570;0,074
3571;0,082
3572;0,061
3573;0,059
3574;0,068
3575;0,067
3576;0,060
3577;0,066
3578;0,069
3579;0,060
3580;0,079
3581;0,068
3582;0,090
3583;0,069
3584;0,063
3585;0,059
3586;0,066
3587;0,063
3588;0,075
3589;0,051
3590;0,051
3591;0,056
3592;0,078
3593;0,061
3594;0,064
3595;0,067
3596;0,066
3597;0,073
3598;0,078
3599;0,074
3600;0,067
3601;0,064
3602;0,063
3603;0,077
3604;0,071
3605;0,073
3606;0,083
3607;0,054
3608;0,067
3609;0,062
3610;0,056
3611;0,075
3612;0,060
3613;0,063
3614;0,071
3615;0,048
3616;0,056
3617;0,065
3618;0,065
3619;0,067
3620;0,057
3621;0,058
3622;0,064
3623;0,066
3624;0,077
3625;0,071
3626;0,054
3627;0,061
3628;0,066
3629;0,066
3630;0,065
3631;0,068
3632;0,066
3633;0,057
3634;0,057
3635;0,086
3636;0,059
3637;0,067
3638;0,072
3639;0,069
3640;0,065
3641;0,058
3642;0,069
3643;0,048
3644;0,085
3645;0,062
3646;0,065
3647;0,057
3648;0,066
3649;0,061
3650;0,078
3651;0,071
3652;0,069
3653;0,079
3654;0,071
3655;0,086
3656;0,072
3657;0,068
3658;0,070
3659;0,067
3660;0,068
3661;0,067
3662;0,065
3663;0,069
3664;0,067
3665;0,083
3666;0,052
3667;0,072
3668;0,062
3669;0,069
3670;0,072
3671;0,082
3672;0,058
3673;0,072
3674;0,059
3675;0,059
3676;0,066
3677;0,083
3678;0,061
3679;0,055
3680;0,052
3681;0,063
3682;0,072
3683;0,068
3684;0,076
3685;0,058
3686;0,061
3687;0,073
3688;0,071
3689;0,063
3690;0,071
3691;0,063
3692;0,052
3693;0,055
3694;0,065
3695;0,073
3696;0,057
3697;0,070
3698;0,062
3699;0,056
3700;0,055
3701;0,062
3702;0,065
3703;0,087
3704;0,076
3705;0,068
3706;0,058
3707;0,084
3708;0,069
3709;0,062
3710;0,069
3711;0,069
3712;0,069
3713;0,060
3714;0,067
3715;0,064
3716;0,044
3717;0,064
3718;0,057
3719;0,072
3720;0,068
3721;0,066
3722;0,088
3723;0,067
3724;0,077
3725;0,064
3726;0,069
3727;0,059
3728;0,076
3729;0,076
3730;0,070
3731;0,083
3732;0,061
3733;0,075
3734;0,062
3735;0,060
3736;0,067
3737;0,060
3738;0,065
3739;0,063
3740;0,070
3741;0,067
3742;0,068
3743;0,058
3744;0,071
3745;0,071
3746;0,054
3747;0,062
3748;0,055
3749;0,075
3750;0,060
3751;0,061
3752;0,057
3753;0,073
3754;0,071
3755;0,072
3756;0,059
3757;0,063
3758;0,061
3759;0,077
3760;0,061
3761;0,072
3762;0,057
3763;0,085
3764;0,069
3765;0,078
3766;0,061
3767;0,065
3768;0,062
3769;0,090
3770;0,059
3771;0,076
3772;0,067
3773;0,061
3774;0,059
3775;0,066
3776;0,072
3777;0,063
3778;0,069
3779;0,069
3780;0,079
3781;0,082
3782;0,052
3783;0,086
3784;0,063
3785;0,069
3786;0,069
3787;0,077
3788;0,064
3789;0,050
3790;0,068
3791;0,080
3792;0,055
3793;0,072
3794;0,067
3795;0,063
3796;0,057
3797;0,075
3798;0,063
3799;0,045
3800;0,075
3801;0,083
3802;0,076
3803;0,078
3804;0,066
3805;0,063
3806;0,074
3807;0,070
3808;0,067
3809;0,067
3810;0,063
3811;0,078
3812;0,073
3813;0,061
3814;0,069
3815;0,067
3816;0,070
3817;0,061
3818;0,055
3819;0,060
3820;0,079
3821;0,083
3822;0,054
3823;0,073
3824;0,066
3825;0,074
3826;0,056
3827;0,073
3828;0,073
3829;0,055
3830;0,048
3831;0,073
3832;0,061
3833;0,073
3834;0,071
3835;0,080
3836;0,078
3837;0,065
3838;0,059
3839;0,082
3840;0,072
3841;0,070
3842;0,052
3843;0,061
3844;0,076
3845;0,065
3846;0,062
3847;0,066
3848;0,081
3849;0,065
3850;0,062
3851;0,079
3852;0,064
3853;0,075
3854;0,070
3855;0,064
3856;0,072
3857;0,065
3858;0,071
3859;0,051
3860;0,070
3861;0,073
3862;0,063
3863;0,070
3864;0,067
3865;0,079
3866;0,072
3867;0,068
3868;0,054
3869;0,072
3870;0,051
3871;0,077
3872;0,077
3873;0,065
3874;0,064
3875;0,066
3876;0,070
3877;0,070
3878;0,063
3879;0,070
3880;0,077
3881;0,060
3882;0,062
3883;0,079
3884;0,065
3885;0,073
3886;0,064
3887;0,067
3888;0,067
3889;0,077
3890;0,048
3891;0,060
3892;0,063
3893;0,061
3894;0,074
3895;0,079
3896;0,077
3897;0,077
3898;0,085
3899;0,058
3900;0,067
3901;0,064
3902;0,055
3903;0,062
3904;0,062
3905;0,080
3906;0,066
3907;0,072
3908;0,063
3909;0,063
3910;0,067
3911;0,074
3912;0,067
3913;0,069
3914;0,067
3915;0,073
3916;0,062
3917;0,065
3918;0,060
3919;0,062
3920;0,067
3921;0,068
3922;0,077
3923;0,051
3924;0,065
3925;0,062
3926;0,072
3927;0,075
3928;0,061
3929;0,071
3930;0,083
3931;0,065
3932;0,057
3933;0,079
3934;0,068
3935;0,064
3936;0,077
3937;0,057
3938;0,060
3939;0,075
3940;0,076
3941;0,075
3942;0,051
3943;0,066
3944;0,068
3945;0,062
3946;0,072
3947;0,074
3948;0,061
3949;0,059
3950;0,073
3951;0,065
3952;0,054
3953;0,068
3954;0,055
3955;0,053
3956;0,062
3957;0,063
3958;0,077
3959;0,064
3960;0,059
3961;0,077
3962;0,081
3963;0,064
3964;0,080
3965;0,070
3966;0,060
3967;0,067
3968;0,071
3969;0,071
3970;0,058
3971;0,085
3972;0,061
3973;0,057
3974;0,078
3975;0,080
3976;0,079
3977;0,069
3978;0,070
3979;0,063
3980;0,064
3981;0,072
3982;0,065
3983;0,068
3984;0,068
3985;0,057
3986;0,072
3987;0,058
3988;0,059
3989;0,075
3990;0,073
3991;0,061
3992;0,070
3993;0,075
3994;0,071
3995;0,073
3996;0,058
3997;0,062
3998;0,062
3999;0,068
4000;0,067
4001;0,061
4002;0,081
4003;0,066
4004;0,064
4005;0,063
4006;0,066
4007;0,072
4008;0,065
4009;0,068
4010;0,075
4011;0,067
4012;0,078
4013;0,059
4014;0,062
4015;0,061
4016;0,083
4017;0,067
4018;0,058
4019;0,058
4020;0,078
4021;0,068
4022;0,094
4023;0,055
4024;0,061
4025;0,070
4026;0,064
4027;0,062
4028;0,077
4029;0,058
4030;0,070
4031;0,060
4032;0,055
4033;0,063
4034;0,069
4035;0,059
4036;0,067
4037;0,076
4038;0,072
4039;0,067
4040;0,063
4041;0,058
4042;0,075
4043;0,062
4044;0,066
4045;0,065
4046;0,074
4047;0,076
4048;0,068
4049;0,074
4050;0,068
4051;0,062
4052;0,077
4053;0,067
4054;0,059
4055;0,066
4056;0,081
4057;0,076
4058;0,057
4059;0,069
4060;0,082
4061;0,060
4062;0,068
4063;0,057
4064;0,065
4065;0,081
4066;0,064
4067;0,066
4068;0,072
4069;0,067
4070;0,068
4071;0,060
4072;0,071
4073;0,073
4074;0,065
4075;0,071
4076;0,061
4077;0,073
4078;0,047
4079;0,067
4080;0,067
4081;0,066
4082;0,059
4083;0,064
4084;0,070
4085;0,066
4086;0,070
4087;0,056
4088;0,066
4089;0,065
4090;0,058
4091;0,062
4092;0,065
4093;0,056
4094;0,082
4095;0,072
4096;0,064
4097;0,069
4098;0,083
4099;0,066
4100;0,067
4101;0,054
4102;0,059
4103;0,065
4104;0,087
4105;0,073
4106;0,059
4107;0,064
4108;0,070
4109;0,068
4110;0,073
4111;0,068
4112;0,060
4113;0,079
4114;0,053
4115;0,066
4116;0,070
4117;0,065
4118;0,074
4119;0,062
4120;0,080
4121;0,064
4122;0,051
4123;0,067
4124;0,061
4125;0,065
4126;0,081
4127;0,074
4128;0,071
4129;0,064
4130;0,053
4131;0,058
4132;0,071
4133;0,068
4134;0,073
4135;0,073
4136;0,065
4137;0,076
4138;0,066
4139;0,063
4140;0,075
4141;0,067
4142;0,077
4143;0,059
4144;0,065
4145;0,062
4146;0,081
4147;0,059
4148;0,071
4149;0,067
4150;0,070
4151;0,070
4152;0,047
4153;0,066
4154;0,053
4155;0,062
4156;0,062
4157;0,063
4158;0,056
4159;0,057
4160;0,072
4161;0,074
4162;0,060
4163;0,072
4164;0,055
4165;0,052
4166;0,057
4167;0,071
4168;0,072
4169;0,074
4170;0,069
4171;0,079
4172;0,069
4173;0,059
4174;0,075
4175;0,072
4176;0,067
4177;0,074
4178;0,058
4179;0,074
4180;0,078
4181;0,074
4182;0,065
4183;0,063
4184;0,074
4185;0,072
4186;0,073
4187;0,060
4188;0,063
4189;0,063
4190;0,054
4191;0,070
4192;0,058
4193;0,069
4194;0,073
4195;0,061
4196;0,068
4197;0,074
4198;0,059
4199;0,069
4200;0,074
4201;0,063
4202;0,065
4203;0,057
4204;0,067
4205;0,066
4206;0,066
4207;0,065
4208;0,062
4209;0,062
4210;0,061
4211;0,061
4212;0,066
4213;0,063
4214;0,063
4215;0,065
4216;0,071
4217;0,058
4218;0,070
4219;0,072
4220;0,074
4221;0,062
4222;0,064
4223;0,079
4224;0,061
4225;0,067
4226;0,072
4227;0,059
4228;0,068
4229;0,072
4230;0,066
4231;0,060
4232;0,065
4233;0,060
4234;0,083
4235;0,073
4236;0,055
4237;0,064
4238;0,053
4239;0,062
4240;0,071
4241;0,072
4242;0,063
4243;0,060
4244;0,083
4245;0,060
4246;0,086
4247;0,069
4248;0,067
4249;0,084
4250;0,070
4251;0,072
4252;0,075
4253;0,064
4254;0,065
4255;0,063
4256;0,064
4257;0,059
4258;0,064
4259;0,063
4260;0,057
4261;0,072
4262;0,059
4263;0,065
4264;0,055
4265;0,072
4266;0,063
4267;0,073
4268;0,067
4269;0,070
4270;0,068
4271;0,085
4272;0,069
4273;0,064
4274;0,064
4275;0,075
4276;0,073
4277;0,059
4278;0,069
4279;0,054
4280;0,059
4281;0,071
4282;0,068
4283;0,062
4284;0,082
4285;0,074
4286;0,067
4287;0,074
4288;0,069
4289;0,056
4290;0,068
4291;0,068
4292;0,049
4293;0,074
4294;0,056
4295;0,059
4296;0,068
4297;0,070
4298;0,074
4299;0,068
4300;0,062
4301;0,053
4302;0,064
4303;0,063
4304;0,067
4305;0,071
4306;0,073
4307;0,065
4308;0,065
4309;0,068
4310;0,061
4311;0,062
4312;0,074
4313;0,067
4314;0,067
4315;0,066
4316;0,077
4317;0,056
4318;0,066
4319;0,065
4320;0,060
4321;0,073
4322;0,062
4323;0,070
4324;0,053
4325;0,071
4326;0,074
4327;0,079
4328;0,069
4329;0,072
4330;0,073
4331;0,071
4332;0,064
4333;0,068
4334;0,063
4335;0,068
4336;0,064
4337;0,065
4338;0,067
4339;0,058
4340;0,063
4341;0,061
4342;0,060
4343;0,080
4344;0,075
4345;0,058
4346;0,065
4347;0,068
4348;0,061
4349;0,065
4350;0,060
4351;0,075
4352;0,060
4353;0,061
4354;0,051
4355;0,058
4356;0,064
4357;0,066
4358;0,073
4359;0,054
4360;0,064
4361;0,059
4362;0,073
4363;0,072
4364;0,058
4365;0,069
4366;0,064
4367;0,076
4368;0,065
4369;0,067
4370;0,090
4371;0,062
4372;0,080
4373;0,052
4374;0,064
4375;0,072
4376;0,062
4377;0,073
4378;0,066
4379;0,080
4380;0,086
4381;0,071
4382;0,066
4383;0,069
4384;0,070
4385;0,066
4386;0,064
4387;0,058
4388;0,059
4389;0,068
4390;0,084
4391;0,065
4392;0,085
4393;0,065
4394;0,068
4395;0,067
4396;0,063
4397;0,069
4398;0,065
4399;0,064
4400;0,067
4401;0,072
4402;0,061
4403;0,060
4404;0,063
4405;0,068
4406;0,060
4407;0,082
4408;0,065
4409;0,059
4410;0,062
4411;0,073
4412;0,059
4413;0,061
4414;0,065
4415;0,069
4416;0,069
4417;0,066
4418;0,070
4419;0,072
4420;0,071
4421;0,068
4422;0,077
4423;0,072
4424;0,079
4425;0,074
4426;0,075
4427;0,064
4428;0,069
4429;0,079
4430;0,061
4431;0,067
4432;0,066
4433;0,091
4434;0,066
4435;0,055
4436;0,063
4437;0,069
4438;0,053
4439;0,071
4440;0,061
4441;0,084
4442;0,069
4443;0,057
4444;0,059
4445;0,075
4446;0,068
4447;0,057
4448;0,056
4449;0,064
4450;0,066
4451;0,067
4452;0,072
4453;0,078
4454;0,064
4455;0,066
4456;0,061
4457;0,066
4458;0,061
4459;0,067
4460;0,052
4461;0,081
4462;0,066
4463;0,056
4464;0,077
4465;0,079
4466;0,068
4467;0,066
4468;0,080
4469;0,077
4470;0,073
4471;0,065
4472;0,065
4473;0,065
4474;0,057
4475;0,071
4476;0,061
4477;0,067
4478;0,071
4479;0,065
4480;0,072
4481;0,064
4482;0,068
4483;0,072
4484;0,070
4485;0,059
4486;0,053
4487;0,053
4488;0,059
4489;0,066
4490;0,089
4491;0,070
4492;0,072
4493;0,074
4494;0,062
4495;0,081
4496;0,071
4497;0,068
4498;0,069
4499;0,071
4500;0,066
4501;0,060
4502;0,062
4503;0,081
4504;0,076
4505;0,080
4506;0,044
4507;0,056
4508;0,071
4509;0,071
4510;0,063
4511;0,063
4512;0,072
4513;0,062
4514;0,050
4515;0,079
4516;0,059
4517;0,060
4518;0,059
4519;0,054
4520;0,062
4521;0,082
4522;0,075
4523;0,073
4524;0,059
4525;0,072
4526;0,070
4527;0,063
4528;0,070
4529;0,067
4530;0,065
4531;0,059
4532;0,070
4533;0,064
4534;0,071
4535;0,072
4536;0,065
4537;0,068
4538;0,064
4539;0,063
4540;0,063
4541;0,063
4542;0,060
4543;0,064
4544;0,066
4545;0,070
4546;0,071
4547;0,065
4548;0,073
4549;0,081
4550;0,077
4551;0,063
4552;0,080
4553;0,072
4554;0,069
4555;0,082
4556;0,066
4557;0,075
4558;0,063
4559;0,056
4560;0,059
4561;0,062
4562;0,063
4563;0,075
4564;0,059
4565;0,070
4566;0,060
4567;0,067
4568;0,071
4569;0,065
4570;0,077
4571;0,077
4572;0,079
4573;0,060
4574;0,067
4575;0,070
4576;0,066
4577;0,074
4578;0,071
4579;0,060
4580;0,059
4581;0,054
4582;0,082
4583;0,064
4584;0,071
4585;0,062
4586;0,055
4587;0,055
4588;0,074
4589;0,087
4590;0,060
4591;0,056
4592;0,065
4593;0,073
4594;0,061
4595;0,073
4596;0,062
4597;0,064
4598;0,074
4599;0,066
4600;0,063
4601;0,065
4602;0,065
4603;0,061
4604;0,066
4605;0,068
4606;0,081
4607;0,066
4608;0,067
4609;0,069
4610;0,071
4611;0,050
4612;0,064
4613;0,056
4614;0,061
4615;0,071
4616;0,054
4617;0,077
4618;0,081
4619;0,058
4620;0,072
4621;0,058
4622;0,077
4623;0,059
4624;0,059
4625;0,067
4626;0,053
4627;0,066
4628;0,083
4629;0,076
4630;0,070
4631;0,065
4632;0,069
4633;0,055
4634;0,077
4635;0,062
4636;0,066
4637;0,072
4638;0,069
4639;0,068
4640;0,062
4641;0,065
4642;0,069
4643;0,071
4644;0,049
4645;0,057
4646;0,078
4647;0,062
4648;0,084
4649;0,065
4650;0,076
4651;0,086
4652;0,068
4653;0,065
4654;0,052
4655;0,066
4656;0,074
4657;0,062
4658;0,078
4659;0,068
4660;0,071
4661;0,072
4662;0,062
4663;0,062
4664;0,070
4665;0,073
4666;0,062
4667;0,068
4668;0,064
4669;0,055
4670;0,067
4671;0,076
4672;0,074
4673;0,066
4674;0,072
4675;0,072
4676;0,066
4677;0,070
4678;0,060
4679;0,074
4680;0,064
4681;0,056
4682;0,057
4683;0,065
4684;0,065
4685;0,082
4686;0,062
4687;0,068
4688;0,070
4689;0,059
4690;0,065
4691;0,073
4692;0,068
4693;0,071
4694;0,055
4695;0,087
4696;0,072
4697;0,061
4698;0,062
4699;0,063
4700;0,068
4701;0,066
4702;0,064
4703;0,070
4704;0,057
4705;0,063
4706;0,088
4707;0,063
4708;0,064
4709;0,056
4710;0,073
4711;0,049
4712;0,063
4713;0,067
4714;0,064
4715;0,069
4716;0,071
4717;0,072
4718;0,049
4719;0,061
4720;0,066
4721;0,077
4722;0,067
4723;0,074
4724;0,055
4725;0,070
4726;0,078
4727;0,070
4728;0,072
4729;0,066
4730;0,075
4731;0,073
4732;0,079
4733;0,084
4734;0,058
4735;0,064
4736;0,064
4737;0,072
4738;0,078
4739;0,077
4740;0,059
4741;0,069
4742;0,074
4743;0,061
4744;0,075
4745;0,059
4746;0,066
4747;0,067
4748;0,083
4749;0,063
4750;0,086
4751;0,063
4752;0,069
4753;0,066
4754;0,063
4755;0,074
4756;0,076
4757;0,061
4758;0,061
4759;0,064
4760;0,078
4761;0,070
4762;0,067
4763;0,081
4764;0,075
4765;0,076
4766;0,064
4767;0,074
4768;0,060
4769;0,065
4770;0,060
4771;0,072
4772;0,068
4773;0,067
4774;0,076
4775;0,065
4776;0,080
4777;0,059
4778;0,061
4779;0,068
4780;0,074
4781;0,060
4782;0,056
4783;0,060
4784;0,052
4785;0,070
4786;0,062
4787;0,058
4788;0,077
4789;0,062
4790;0,078
4791;0,056
4792;0,065
4793;0,062
4794;0,059
4795;0,062
4796;0,058
4797;0,071
4798;0,066
4799;0,073
4800;0,064
4801;0,058
4802;0,074
4803;0,078
4804;0,060
4805;0,085
4806;0,057
4807;0,078
4808;0,071
4809;0,070
4810;0,060
4811;0,067
4812;0,066
4813;0,074
4814;0,048
4815;0,058
4816;0,076
4817;0,066
4818;0,070
4819;0,065
4820;0,061
4821;0,081
4822;0,055
4823;0,061
4824;0,069
4825;0,070
4826;0,070
4827;0,055
4828;0,064
4829;0,066
4830;0,062
4831;0,064
4832;0,072
4833;0,062
4834;0,067
4835;0,053
4836;0,066
4837;0,058
4838;0,063
4839;0,066
4840;0,070
4841;0,075
4842;0,073
4843;0,083
4844;0,077
4845;0,071
4846;0,072
4847;0,062
4848;0,059
4849;0,069
4850;0,067
4851;0,066
4852;0,060
4853;0,069
4854;0,068
4855;0,066
4856;0,078
4857;0,065
4858;0,079
4859;0,063
4860;0,059
4861;0,058
4862;0,071
4863;0,064
4864;0,070
4865;0,073
4866;0,079
4867;0,074
4868;0,062
4869;0,076
4870;0,054
4871;0,082
4872;0,074
4873;0,065
4874;0,057
4875;0,053
4876;0,074
4877;0,088
4878;0,062
4879;0,070
4880;0,057
4881;0,062
4882;0,063
4883;0,072
4884;0,052
4885;0,063
4886;0,068
4887;0,076
4888;0,071
4889;0,068
4890;0,058
4891;0,068
4892;0,062
4893;0,072
4894;0,062
4895;0,076
4896;0,062
4897;0,069
4898;0,064
4899;0,074
4900;0,064
4901;0,075
4902;0,069
4903;0,083
4904;0,060
4905;0,072
4906;0,066
4907;0,073
4908;0,075
4909;0,090
4910;0,058
4911;0,078
4912;0,065
4913;0,071
4914;0,069
4915;0,066
4916;0,071
4917;0,066
4918;0,047
4919;0,061
4920;0,066
4921;0,074
4922;0,058
4923;0,065
4924;0,064
4925;0,062
4926;0,067
4927;0,067
4928;0,066
4929;0,067
4930;0,068
4931;0,057
4932;0,072
4933;0,050
4934;0,080
4935;0,066
4936;0,057
4937;0,078
4938;0,053
4939;0,060
4940;0,078
4941;0,075
4942;0,061
4943;0,069
4944;0,066
4945;0,050
4946;0,070
4947;0,079
4948;0,066
4949;0,051
4950;0,057
4951;0,074
4952;0,057
4953;0,070
4954;0,066
4955;0,076
4956;0,071
4957;0,072
4958;0,065
4959;0,067
4960;0,065
4961;0,068
4962;0,058
4963;0,060
4964;0,056
4965;0,058
4966;0,070
4967;0,057
4968;0,080
4969;0,072
4970;0,077
4971;0,078
4972;0,062
4973;0,076
4974;0,065
4975;0,061
4976;0,080
4977;0,068
4978;0,069
4979;0,070
4980;0,047
4981;0,054
4982;0,079
4983;0,067
4984;0,059
4985;0,062
4986;0,055
4987;0,077
4988;0,082
4989;0,069
4990;0,067
4991;0,061
4992;0,068
4993;0,058
4994;0,069
4995;0,051
4996;0,066
4997;0,063
4998;0,074
4999;0,063
5000;0,065
