state;county;FIPS;dem_cand_votes_08;dem_percent_08;dem_cand_votes_12;dem_percent_12;dem_cand_votes_16;dem_percent_16
Alabama;Bullock;1011;4011;74,07202216066482;4061;76,30590003757986;3530;74,94692144373673
Alabama;Chilton;1021;3674;20,65785774529098;3397;19,45367082808384;2911;15,84735151614132
Alabama;Clay;1027;1760;25,81023610500073;1777;26,67367157009907;1237;18,67451690821256
Alabama;Cullman;1043;5864;16,60954539017136;5052;14,66175232898975;3798;10,02825231695403
Alabama;Escambia;1053;5188;35,35504974785334;5489;36,91573071491022;4605;31,02054563826204
Alabama;Fayette;1057;1994;25,05969586527586;1817;22,86685124590989;1362;16,51109225360650
Alabama;Franklin;1059;3469;29,66732232959891;3171;29,20158393958928;2197;18,24750830564784
Alabama;Hale;1065;4982;60,65254443632821;5411;62,60557676732616;4775;59,39054726368159
Alabama;Lamar;1075;1614;22,81272084805654;1646;22,96957856544795;1036;14,87223657766293
Alabama;Lauderdale;1077;13329;34,98057946672265;12511;33,88311125555195;9952;25,17900063251107
Alabama;Monroe;1099;5025;44,65872733736225;4914;45,89092267463579;4332;42,17700321292961
Alabama;Pike;1109;5879;42,12826943747761;6035;42,78018005245623;5056;38,39611178614824
Alabama;Shelby;1117;20625;22,75410125437154;20051;21,67511647767196;22977;22,69243684200130
Alabama;Walker;1127;7420;25,89697054306855;6557;22,99007748676414;4497;15,25855048859935
Arizona;Graham;4009;3487;29,04139252102940;3609;30,44285111767187;3301;16,25627893233527
Arkansas;Baxter;5005;6539;32,72608978529603;5172;26,74388541289622;4169;21,09177375290903
Arkansas;Benton;5007;23331;30,66922561224088;22636;28,56025335301614;28005;28,92361398000496
Arkansas;Bradley;5011;1680;41,57386785449147;1449;39,67688937568455;1317;36,05255954010402
Arkansas;Craighead;5031;11294;36,46990441746319;10527;33,20820189274448;10538;29,62359092570208
Arkansas;Dallas;5039;1471;44,33393610608800;1337;43,35278858625162;1165;42,04258390472754
Arkansas;Desha;5041;2569;54,91663103890551;2443;55,27149321266969;2228;52,33732675593141
Arkansas;Faulkner;5045;14955;36,31705480949027;13621;32,85335262904004;14629;30,78039851032045
Arkansas;Howard;5061;1746;36,02971522905489;1471;32,96727924697445;1351;28,90457851946940
Arkansas;Logan;5083;2286;28,91109143796636;2009;27,40417405538126;1715;21,65130665320035
Arkansas;Marion;5089;2384;33,28679139905055;2037;28,88951921713232;1434;20,17728999577881
Arkansas;Newton;5101;1182;29,84848484848485;993;27,12373668396613;699;18,62509992006395
California;Alameda;6001;489106;78,75735271621777;469684;78,85340523334486;514842;78,69001293052061
California;Calaveras;6009;9813;42,10503732944306;8670;39,79619939410631;7944;34,33609958506224
California;Humboldt;6023;39692;62,28443203037959;34457;59,95649904297895;33200;56,03753839921682
California;Mariposa;6043;4100;42,48264428556626;3498;38,86666666666667;3122;35,16953925875859
California;Merced;6047;34031;53,33343781344032;33005;53,18497510353385;37317;52,71581742926161
California;Modoc;6049;1313;29,70588235294118;1111;27,87255393878575;877;23,15205913410771
California;Mono;6051;3093;55,51965535810447;2733;52,75043427909670;2773;52,55875663381349
California;Napa;6055;38849;65,13698400456055;35870;62,96517343069794;39199;63,87114645115036
California;Placer;6061;75112;43,39050413905850;66818;39,00141254479868;73509;40,20422338778926
California;Riverside;6065;325017;50,21126249229491;329063;49,71438585783199;373695;49,73376045228117
California;Santa Barbara;6083;105614;60,38122027076472;94129;57,63470487386726;107142;60,60547780932879
California;Santa Clara;6085;462241;69,44841336019675;450818;70,10174298816186;511684;72,71244221688227
California;Stanislaus;6099;80279;49,85808775579915;77724;50,02542334699972;81647;47,42892660880880
California;Tulare;6107;43634;41,47482082770944;41752;41,29772502472800;47585;42,36028272829241
Colorado;Alamosa;8003;3521;56,01336302895324;3811;56,75353685778109;3189;45,95763078253351
Colorado;Arapahoe;8005;148218;55,69006718066639;153905;53,90415948668375;159885;52,75931706737591
Colorado;Cheyenne;8017;198;17,82178217821782;172;15,73650503202196;132;11,97822141560798
Colorado;Elbert;8039;3819;28,91867333030441;3603;25,41261108760051;3134;19,61446989610715
Colorado;Las Animas;8071;3562;52,68451412512943;3445;50,20402215097639;2650;39,01074635654350
Colorado;Moffat;8081;1582;26,94600579117697;1330;21,56290531776913;874;13,39463601532567
Colorado;Morgan;8087;3813;37,25815907758452;3912;36,29952676997309;3151;26,34615384615385
Colorado;Park;8093;4250;45,29468187146968;3862;41,23425154815290;3421;32,84054910242872
Colorado;Phillips;8095;622;27,52212389380531;588;25,96026490066225;436;18,69639794168096
Colorado;Rio Blanco;8103;655;20,81347314903082;568;16,85960225586227;436;12,63768115942029
Connecticut;Hartford;9003;268301;65,15560304527848;244639;62,36972261880481;240403;59,08682016595226
Connecticut;New Haven;9009;232820;60,98931468883190;218972;60,65269537374039;205609;54,24953694664464
Florida;Broward;12011;492640;67,12640295190482;508312;67,19952619040694;553320;66,50872467248672
Florida;Calhoun;12013;1821;29,16399743754004;1664;27,04811443433030;1241;20,40782765992435
Florida;Desoto;12027;4383;43,26325140657389;4174;42,31120121642169;3781;34,95100757995932
Florida;Flagler;12035;24726;50,42932022597948;23207;45,86816879138254;22026;38,30408848234006
Florida;Franklin;12037;2134;35,39558799137502;1845;33,70478626233102;1744;28,99418121363259
Florida;Hardee;12049;2568;34,64651915812196;2463;34,08524771657902;2149;28,33970723987867
Florida;Highlands;12055;18135;40,49527722573298;16148;38,04542455941947;14937;32,69491748019087
Florida;Lake;12069;62948;42,84333610116657;61799;40,97778013540127;62838;36,86334784292100
Florida;Madison;12079;4270;47,93982261142921;4176;47,91738382099827;3526;41,45796590241035
Florida;Orange;12095;273009;59,00205527856480;273665;58,68118766872731;329894;60,38973044711913
Florida;St. Johns;12109;35791;33,81485960470126;35190;30,65464523716190;43099;31,57112091067583
Florida;Walton;12131;7174;26,52517932411447;6671;23,41194637467537;6876;20,44177542587032
Georgia;Bacon;13005;817;20,74657186389030;791;20,12210633426609;608;15,12437810945273
Georgia;Clinch;13065;989;36,68397626112760;852;34,46601941747573;686;27,94297352342159
Georgia;Columbia;13073;15703;28,36985781648028;16451;27,91948814554588;18887;29,17226572756900
Georgia;Coweta;13077;15521;28,98466824777307;15168;27,30267302673027;16583;26,85723540367641
Georgia;Dawson;13085;1632;16,36254261078805;1241;12,11440843420539;1448;12,30769230769231
Georgia;Dougherty;13095;26135;67,27848427122484;26295;69,34518315356416;23311;68,38677501686861
Georgia;Fannin;13111;2611;24,66931216931217;2028;20,24558250973345;1923;16,28005418218761
Georgia;Franklin;13119;1914;23,70865849126719;1499;19,31203298119042;1243;14,62008939073159
Georgia;Houston;13153;22094;39,50224383615527;22702;39,10362408708833;22553;37,53890710564423
Georgia;Jenkins;13165;1482;43,08139534883721;1488;43,89380530973451;1123;36,74738219895288
Georgia;Lumpkin;13187;2586;23,34988713318285;2055;18,84456671251719;2220;17,86720321931589
Georgia;McDuffie;13189;3989;41,79589270746018;4044;42,16013344453711;3699;39,91152352179543
Georgia;Mitchell;13205;3872;47,68472906403941;4081;49,31722054380664;3493;44,32741116751269
Georgia;Paulding;13223;17229;30,23427217688866;15825;27,57016672764334;18025;27,77777777777778
Georgia;Pierce;13229;1253;18,45089088499485;1124;16,41834647969617;903;12,35125153877718
Georgia;Talbot;13263;2369;64,02702702702703;2265;64,88112288742481;2002;61,67590881084411
Georgia;Telfair;13271;1862;42,56973022405121;1805;41,62822878228782;1313;34,58904109589041
Georgia;Toombs;13279;2964;30,59454995871181;2746;29,38784246575342;2338;25,58546727949223
Georgia;Twiggs;13289;2402;53,15335251161761;2270;54,02189433603046;1971;48,55875831485588
Georgia;Ware;13299;4034;32,49033505154640;3900;32,66605243320211;3440;28,23374917925148
Georgia;Webster;13307;515;46,35463546354636;582;49,03117101937658;473;42,38351254480286
Georgia;Wheeler;13309;794;35,92760180995475;772;35,74074074074074;646;30,73263558515699
Hawaii;Honolulu;15003;214239;69,82722374866775;204349;68,86419852936221;175696;61,47730851324399
Hawaii;Maui;15009;39727;76,70933982119756;36052;74,10026103220767;33480;64,45278660121282
Idaho;Bingham;16011;4424;25,78839988341591;3822;21,71220814633869;2924;17,58796992481203
Idaho;Bonneville;16019;11417;27,37692731937750;9903;22,91671487746743;8930;20,19402546301531
Idaho;Camas;16025;187;30,25889967637541;159;27,50865051903114;110;18,64406779661017
Idaho;Canyon;16027;20147;31,35915076424991;19866;30,05901044030867;16883;23,19571340248677
Idaho;Custer;16037;611;25,97789115646258;530;22,53401360544218;427;17,68848384424192
Idaho;Franklin;16041;600;11,82732111176818;325;5,80357142857143;385;7,00127295871977
Idaho;Fremont;16043;1065;18,11224489795918;810;13,96070320579111;651;11,39107611548556
Idaho;Gooding;16047;1489;27,62010758671861;1287;25,14654161781946;930;17,91562319398960
Idaho;Lemhi;16059;1061;25,84652862362972;960;23,35766423357664;733;17,89550781250000
Illinois;DeKalb;17037;25784;57,53045651300817;21207;51,60858561277134;20466;46,94036697247707
Illinois;Franklin;17055;8880;47,63692934928383;7254;40,49346879535559;4727;25,26321415210304
Illinois;Grundy;17063;11063;49,89851607956339;9451;44,48785539446432;8065;34,70757843095063
Illinois;Kankakee;17091;24750;51,54531822725759;21595;47,45215232151882;18971;40,10358313074727
Illinois;McHenry;17111;72288;51,90567826061982;59797;44,67663847464213;60803;42,89453262786596
Illinois;Marshall;17123;3081;48,64992894362861;2455;41,96581196581197;1789;29,89639037433155
Illinois;Menard;17129;2706;41,86262376237624;2100;34,14079011542839;1817;27,88948580199540
Illinois;Moultrie;17139;2668;42,61980830670927;2144;35,39706125144461;1481;23,57154225688365
Illinois;Ogle;17141;11253;45,28370221327968;9514;40,71553900800274;8050;33,27408754598438
Illinois;Randolph;17157;7395;48,64491514274437;5759;40,01528627015009;3439;24,22854727349584
Illinois;Rock Island;17161;42210;61,70962412830222;39157;60,22671342438785;32298;50,47035659593087
Illinois;Wayne;17191;2547;31,55742782802627;1514;19,71354166666667;1048;12,68611548238712
Illinois;Whiteside;17195;15607;58,00564929755445;14833;57,81944336165900;11035;43,13579860839653
Illinois;Woodford;17203;6999;35,92362572499101;5572;29,52209388576878;5092;25,63431333064841
Indiana;Clark;18019;21953;45,99895233106339;20807;44,13311839816739;18808;36,77244022132285
Indiana;Hamilton;18057;49704;38,51112626293931;43796;31,99988309477361;57263;37,12205684057670
Indiana;Huntington;18069;5843;35,78515433610975;4596;29,15318744053283;3506;21,85376799850402
Indiana;LaGrange;18087;3663;38,59445790749131;2898;31,10777157578360;2080;21,74367551745766
Indiana;Newton;18111;2625;43,42431761786600;2212;39,12274495932083;1404;24,22778257118205
Indiana;Ohio;18115;1158;39,68471555860178;994;35,26073075558709;686;23,48510783978090
Indiana;Putnam;18133;6334;43,24730301788885;4507;32,59093209921180;3356;22,80665987088005
Indiana;Randolph;18135;4839;44,77239082161362;3769;36,99087250956914;2446;23,38879326831134
Indiana;Shelby;18145;6987;39,75759644930010;5359;31,97494033412888;4247;23,60231188173836
Indiana;Starke;18149;4778;50,47538559053455;3809;43,51153758281928;2489;26,97810535443313
Indiana;Vermillion;18165;4003;56,10371408549404;2979;45,26667679683938;2081;29,98991209107941
Iowa;Adair;19001;1924;47,47100912904021;1790;44,79479479479480;1133;29,72972972972973
Iowa;Appanoose;19007;2970;48,08937823834196;2951;47,25380304243394;1814;29,56323337679270
Iowa;Benton;19011;7058;51,47316219369895;6862;48,93389431648007;4678;33,79081190407397
Iowa;Butler;19023;3364;46,94390175830310;3329;44,12193505632870;2157;28,71023559164115
Iowa;Chickasaw;19037;3923;59,59289077927996;3554;54,81184454040715;2266;35,21367521367522
Iowa;Clinton;19045;15018;60,75488490634734;15141;60,56399999999999;10095;43,76381844193003
Iowa;Crawford;19047;3715;51,66179947156168;3066;45,40876777251185;1991;28,70944484498919
Iowa;Guthrie;19077;2625;44,89481785531041;2569;43,63111413043478;1732;30,12173913043478
Iowa;Harrison;19085;3555;46,91211401425178;3136;42,82982791586998;2131;28,54655056932351
Iowa;Howard;19089;2941;62,20389170896785;2768;59,59095801937567;1677;36,78438254003071
Iowa;Iowa;19095;4202;49,16920196583197;4144;46,74035641777577;3084;34,63611859838275
Iowa;Jackson;19097;6102;61,29583124058262;5907;57,67428236672525;3837;37,21629485935984
Iowa;Lee;19111;9821;57,01927542963306;10714;56,65485696155677;6215;38,48058943718655
Iowa;Muscatine;19139;10920;57,11595794759140;11323;56,99974830103196;8368;43,05855716785016
Iowa;Page;19145;2900;39,42359978249048;2613;36,91199321938127;1807;25,65303804656445
Iowa;Pocahontas;19151;1800;44,87658937920718;1523;37,77281746031746;963;24,91591203104787
Iowa;Story;19169;26548;57,00053676865271;26192;55,55037115588547;25709;50,74111354530563
Kansas;Anderson;20003;1175;32,40485383342526;944;28,47662141779789;672;20,05970149253731
Kansas;Atchison;20005;3241;45,07022667222918;2567;38,46269103985615;1989;30,25095057034221
Kansas;Brown;20013;1317;30,09597806215722;1076;26,94715752566992;863;21,38255698711595
Kansas;Clay;20027;1009;24,88899851998027;834;22,62615301139446;677;17,72251308900524
Kansas;Decatur;20039;343;22,15762273901809;266;17,36292428198433;178;12,25895316804408
Kansas;Edwards;20047;333;24,53942520265291;298;21,51624548736462;212;16,07278241091736
Kansas;Ellis;20051;4010;32,21659837711898;3057;26,09697797507256;2742;22,95136854440445
Kansas;Ford;20057;2991;33,74323104693141;2600;31,09303994259747;2149;27,84400103653796
Kansas;Franklin;20059;4433;37,76301218161684;3694;33,61237488626024;2892;26,37482900136799
Kansas;Hamilton;20075;233;21,25912408759124;163;18,58608893956671;121;13,81278538812786
Kansas;Lincoln;20105;347;21,87894073139975;289;19,48752528658125;215;14,68579234972677
Kansas;Miami;20121;5742;37,34148403459713;4712;31,71782444803447;3991;26,56770070563174
Kansas;Neosho;20133;2563;35,63681868743048;2050;31,63580246913580;1501;23,77256889452011
Kansas;Phillips;20147;525;19,68503937007874;382;14,89278752436647;300;11,26126126126126
Kansas;Rawlins;20153;273;17,62427372498386;190;13,15789473684210;163;11,07336956521739
Kansas;Reno;20155;9916;37,40193120096560;8085;33,10539677340103;6837;28,24039653035936
Kansas;Stanton;20187;188;22,73276904474002;143;18,84057971014493;115;18,05337519623234
Kansas;Wyandotte;20209;39865;69,73184767968654;34302;67,60613346998305;30146;61,79865111416331
Kentucky;Anderson;21005;3462;32,80894617134192;3315;32,12209302325581;2634;23,06075993696376
Kentucky;Barren;21009;5434;32,33176652585232;5400;32,59295026557218;4275;23,12310688013847
Kentucky;Bell;21013;2782;28,98520525109398;2224;23,45496730647543;1720;17,69911504424779
Kentucky;Boyle;21021;4769;37,74436090225564;4471;36,13513295077993;4281;33,06812915186158
Kentucky;Bracken;21023;1241;36,51073845248602;1147;35,48886138613862;705;19,98865891692657
Kentucky;Caldwell;21033;2212;35,68317470559768;1852;31,60409556313993;1260;21,08786610878661
Kentucky;Cumberland;21057;697;24,91955666785842;599;20,98808689558514;459;14,97064579256360
Kentucky;Fayette;21067;66042;51,74123896301287;62080;49,32229513927510;69778;51,18879066867182
Kentucky;Fleming;21069;2279;39,07750342935528;1911;33,05084745762712;1348;21,53354632587859
Kentucky;Greenup;21089;6621;41,91036840106342;6027;39,73496835443038;4146;25,47152423665295
Kentucky;Knott;21119;2612;44,87972508591066;1420;24,94291234849815;1245;21,60333159812598
Kentucky;Madison;21151;12392;38,08587146940406;11512;34,54774623371947;11793;31,55655454764389
Kentucky;Mercer;21167;3159;31,40159045725646;2966;29,84203642217527;2395;22,62635805384979
Kentucky;Muhlenberg;21177;6221;48,26596322445496;4771;37,45191930292802;3272;25,05359877488515
Kentucky;Oldham;21185;10000;34,11106562969027;9240;30,91955561504484;10268;31,25437555170000
Kentucky;Powell;21197;2065;41,53258246178600;1620;36,15264449899576;1272;25,66068186403066
Kentucky;Rowan;21205;4074;49,96320824135393;3438;44,85322896281800;3295;37,24005424954792
Kentucky;Shelby;21211;6871;37,06040992448759;6634;35,54626801693190;6276;30,49562682215743
Kentucky;Todd;21219;1543;31,22849625581866;1403;29,73717676981772;1042;21,80372462858339
Kentucky;Trimble;21223;1484;38,92969569779643;1355;38,24442562799887;879;23,14375987361769
Louisiana;Bossier;22015;12701;27,71570724043120;12956;26,67929656933405;12641;25,35909163858129
Louisiana;Caldwell;22021;1118;22,84896791334560;1016;21,54368108566582;788;16,79454390451833
Louisiana;East Baton Rouge;22033;99652;50,49531540570259;102656;51,80172679150834;102828;52,33216788555200
Louisiana;Franklin;22041;2959;31,62676357417700;2921;31,28748928877463;2506;27,35210652695918
Louisiana;Sabine;22085;2245;23,25942809780356;2194;21,82433104545907;1703;17,40063349340963
Louisiana;St. Martin;22099;9419;38,83803397657925;9422;37,04635709511265;8266;32,10097087378641
Maine;Kennebec;23011;37238;56,43318279635074;35068;55,22780603808054;29302;44,25749154180764
Maine;Knox;23013;13728;59,73890339425587;13223;59,92205555807314;12443;53,75642631874541
Maine;Lincoln;23015;11886;55,06856931060045;11315;54,51173098231921;10241;47,62591266334930
Maine;Sagadahoc;23023;12152;57,04896483733158;11821;56,84812926805809;10664;49,33382679496669
Maryland;Garrett;24023;3736;29,02423865755128;3124;23,74401459299233;2567;18,32131896367140
Maryland;Montgomery;24031;314444;71,58477533858002;323400;70,92229688240145;357837;74,72482265652897
Maryland;Worcester;24047;11374;41,59292035398230;11014;40,16776075857039;9753;34,49580872210236
Massachusetts;Barnstable;25001;74264;56,14576245558328;70822;53,20362092927168;72430;54,10796193094380
Massachusetts;Bristol;25005;146861;60,40679499835472;142962;59,19530949157175;129540;52,03266401294992
Massachusetts;Essex;25009;208976;59,08868562057314;210302;57,40357083391336;222310;58,52296060736888
Massachusetts;Franklin;25011;27919;72,42470621806014;27072;71,69871285555379;24478;64,11713859129843
Michigan;Arenac;26011;4155;51,11958661417323;3669;46,79250095651064;2384;30,97713097713098
Michigan;Calhoun;26025;34561;53,83668764408998;29267;50,17744783719375;24157;41,01218973888832
Michigan;Kalamazoo;26077;77051;58,91605049663178;69051;56,05789994966634;67148;53,16589996753736
Michigan;Macomb;26099;223784;53,38155032250678;208016;51,47815069069456;176317;42,04911855611096
Michigan;Mecosta;26107;9101;48,76232318902700;7515;44,43327617808786;5827;33,94105312208760
Michigan;Midland;26111;20701;47,36312261193859;17450;41,79240312305408;15635;36,78304239401496
Michigan;Missaukee;26113;2898;38,68126001067806;2274;32,36089369574498;1565;21,38854721880552
Michigan;Newaygo;26123;10790;46,69984851763688;8728;40,63693081292485;6212;27,43816254416961
Michigan;Ottawa;26139;50828;37,30002641852819;42737;32,30016929681359;44973;31,50826012022363
Michigan;St. Joseph;26149;12322;47,94179441288616;10112;43,32290818730988;7526;31,67908405943511
Michigan;Schoolcraft;26153;2184;50,48543689320388;1865;46,07213438735177;1369;32,95618680789600
Michigan;Van Buren;26159;18588;53,46603002933901;16290;49,60867314310077;13258;39,84492396465709
Michigan;Washtenaw;26161;130578;69,78489164417604;120890;67,31368880573744;128483;68,13254992629044
Minnesota;Dakota;27037;116778;51,79268379222254;116255;50,36586792362914;110483;47,73721050812306
Minnesota;Douglas;27041;9256;44,24897217707237;8653;41,29718894669021;6227;28,58388799632775
Minnesota;Kanabec;27065;3743;44,04047535004118;3593;44,08588957055215;2327;28,45786963434022
Minnesota;Lake;27075;4174;59,89381546850338;4043;59,28152492668622;3077;47,18601441496703
Minnesota;Lyon;27083;6110;48,07994963802329;5465;44,11527284468841;3825;31,31395824805567
Minnesota;Nobles;27105;4244;48,15613298536253;3793;44,51877934272300;2733;31,66126042632067
Minnesota;Norman;27107;2129;61,99767035527082;1730;53,94449641409417;1264;38,76111622201779
Minnesota;Pennington;27113;3394;49,75080621518616;3024;46,40171858216971;2147;31,97319434102755
Minnesota;Pipestone;27117;2023;42,13705478025411;1725;37,12871287128713;1127;23,44009983361065
Minnesota;Pope;27121;3317;50,74969400244797;2981;47,72654498879283;2106;33,32805823706283
Minnesota;Ramsey;27123;182974;65,96367516745619;184938;66,32833850987369;177738;65,07140948148039
Minnesota;Renville;27129;3904;47,99016594960050;3394;44,02075226977951;2117;27,83328950828293
Minnesota;Roseau;27135;3097;40,22077922077922;2772;37,70402611534276;1856;23,78267555099949
Minnesota;Sherburne;27141;17957;39,91331406979329;17597;37,83568771635598;13293;27,53142928152766
Minnesota;Waseca;27161;4401;44,50849514563107;4370;44,83430799220272;2838;29,40018647052730
Mississippi;Bolivar;28011;10334;67,40151317505870;10582;68,58957739175526;9046;65,43692129629629
Mississippi;Calhoun;28013;2522;35,97204393096563;2586;36,58743633276740;1910;29,86241400875547
Mississippi;Claiborne;28021;4682;85,92402275646907;4838;88,22027716994894;3708;86,79775280898876
Mississippi;Copiah;28029;7710;53,30475663716814;7749;54,86794590384479;6741;51,92574333692805
Mississippi;Covington;28031;3852;40,87870105062082;3878;41,48480958493796;3276;37,18079673135853
Mississippi;Grenada;28043;5029;44,48867657466383;5288;46,65196294662550;4424;42,08123275944069
Mississippi;Jefferson Davis;28065;4454;60,59863945578231;4267;62,16491841491841;3720;59,64405964405965
Mississippi;Leflore;28083;8914;68,14463726014831;9119;71,39278164879042;7787;69,90125673249551
Mississippi;Lowndes;28087;13209;48,23091247672253;13388;49,29670815229398;11819;46,21309872922777
Mississippi;Pearl River;28109;4320;19,34963719430261;4366;19,64542836573074;3604;16,46940547456930
Mississippi;Tate;28137;5003;39,29777707956956;4933;39,76301789456714;3926;33,76623376623377
Mississippi;Tunica;28143;3279;75,85010409437891;3475;79,30168872660886;2667;74,76871320437343
Mississippi;Yalobusha;28161;3151;46,33142184972798;3030;47,68649669499528;2582;42,48806977126872
Missouri;Adair;29001;5735;48,31101002442928;4219;41,66502073869248;3500;34,22648151769998
Missouri;Barton;29011;1455;24,46200403496974;1230;21,40619561434041;795;13,38609193466914
Missouri;Chariton;29041;1799;42,69102990033223;1339;35,04318241298090;888;22,37339380196523
Missouri;Clark;29045;1572;45,48611111111111;1398;43,34883720930232;724;22,51944012441680
Missouri;Henry;29083;4869;43,63294201989426;3606;35,62185122987257;2357;23,89012771133185
Missouri;Holt;29087;802;30,45955184200532;551;23,85281385281385;347;14,73460721868365
Missouri;Howell;29091;5736;33,68371601385871;4395;26,88731188058241;2881;16,50529934116299
Missouri;Lafayette;29107;6902;41,57831325301205;5655;35,80246913580247;4053;25,52910052910053
Missouri;Lincoln;29113;10234;43,45647558386412;7734;34,14268055800812;5575;22,33394760035253
Missouri;Madison;29123;2042;40,61256961018297;1588;32,21095334685599;1005;18,88742717534298
Missouri;Miller;29131;3553;30,80190723883832;2651;24,05844450494600;1750;15,32936229852838
Missouri;Platte;29165;21459;46,16824440619622;19175;42,09474885844749;20057;41,02894548429989
Missouri;Putnam;29171;695;29,71355280034203;587;25,42226071892594;353;15,04688832054561
Missouri;St. Clair;29185;1886;37,81074578989575;1460;31,56074362300043;936;20,21598272138229
Missouri;St. Louis County;29189;333123;59,50176295962876;297097;56,19642276176713;286704;55,68603381903360
Missouri;Saline;29195;4712;47,84727863525589;3790;41,61176987263944;2789;30,07332326935519
Missouri;Shelby;29205;1114;33,59469240048251;966;29,88861386138614;606;18,61751152073733
Missouri;Webster;29225;5685;34,75788701393984;4409;28,57605807246095;3177;18,97509406916323
Missouri;St. Louis City;29510;132925;83,67535786677411;118780;82,71184552285055;104235;79,45285880891220
Montana;Fergus;30027;1933;31,01732991014121;1640;27,01367155328611;1202;20,58219178082192
Montana;Flathead;30029;16138;36,89191660570593;13892;31,95326156960162;13293;28,54351420411844
Montana;Glacier;30035;3423;68,85938442969221;2924;65,67834681042228;3121;61,49753694581280
Montana;McCone;30055;321;29,02350813743218;223;22,45720040281974;154;14,52830188679245
Montana;Meagher;30059;298;30,84886128364389;269;27,67489711934156;193;19,75435005117707
Montana;Missoula;30063;36531;61,80799945858148;32824;57,39264232759827;31543;53,27939462527237
Montana;Powell;30077;1021;34,72789115646259;888;31,98847262247839;551;19,72083035075161
Montana;Rosebud;30087;1919;50,36745406824147;1422;40,36332671019018;987;28,58384013900956
Montana;Wheatland;30107;289;29,39979654120041;272;27,41935483870968;179;18,92177589852009
Nebraska;Antelope;31003;757;23,76766091051805;571;17,66707920792079;383;11,67327034440719
Nebraska;Banner;31007;62;14,90384615384615;55;13,38199513381995;19;4,72636815920398
Nebraska;Blaine;31009;43;13,60759493670886;29;9,57095709570957;30;9,46372239747634
Nebraska;Buffalo;31019;5867;30,40999326180480;5365;27,57929368220840;4763;22,54247716408727
Nebraska;Burt;31021;1413;41,71833480956599;1291;38,25185185185185;930;26,13827993254638
Nebraska;Cass;31025;4753;39,20970136941099;4367;35,85385878489327;3484;26,93883862986159
Nebraska;Frontier;31063;349;24,85754985754986;271;20,76628352490421;161;12,12349397590361
Nebraska;Hamilton;31081;1332;27,75578245467806;1146;23,52699650995689;878;17,54596322941647
Nebraska;Hooker;31091;75;17,12328767123288;59;14,93670886075949;40;9,59232613908873
Nebraska;Keya Paha;31103;115;21,57598499061914;80;16,52892561983471;40;8,35073068893528
Nebraska;Nance;31125;549;32,16168717047452;481;29,67304133251080;281;17,33497840838988
Nebraska;Perkins;31135;310;21,83098591549296;238;17,07317073170732;161;11,06529209621993
Nebraska;Sherman;31163;585;37,21374045801527;552;36,07843137254902;340;21,61474888747616
Nebraska;Sioux;31165;117;15,98360655737705;101;13,66711772665765;81;11,00543478260870
Nebraska;Thomas;31171;51;13,07692307692308;42;10,29411764705882;30;7,63358778625954
Nebraska;Valley;31175;706;29,13743293437887;498;22,68792710706150;339;15,37414965986395
Nebraska;Wayne;31179;1249;32,79936974789916;1074;29,16892992938621;835;22,11334745762712
Nevada;Esmeralda;32009;104;23,69020501138952;92;21,14942528735632;65;15,36643026004728
Nevada;Eureka;32011;144;19,32885906040269;107;13,24257425742574;74;8,66510538641686
Nevada;Nye;32023;7226;41,31267509004631;6320;36,06894190160940;5094;25,99642766011738
New Hampshire;Grafton;33009;31446;63,03066746843054;29826;60,86317722681359;28510;55,69338360258639
New Jersey;Cape May;34009;22893;45,43974911176832;21657;45,18370157100832;18750;38,48364188662206
New Jersey;Morris;34027;112275;45,79886435948896;100146;44,04112721643681;115249;46,02301769854961
New Jersey;Passaic;34031;113257;60,82676319577219;115926;63,69980438270655;116759;59,93726963788873
New Jersey;Sussex;34037;28840;39,32369784565039;26104;38,42609630076693;24212;32,66330302457977
New Mexico;Chaves;35005;8197;37,07036903039074;6604;32,54484525921546;5534;27,30008386364757
New Mexico;De Baca;35011;359;34,38697318007663;287;31,81818181818182;193;21,20879120879121
New Mexico;Sierra;35051;2352;42,88058340929808;1964;38,49470795766366;1612;31,11368461686933
New York;Cattaraugus;36009;14307;43,90266355713759;12040;40,44747539221285;9497;30,47719906293123
New York;Chautauqua;36013;29129;49,56271694003947;22463;42,50170286838719;19091;35,20116532064756
New York;Clinton;36019;20216;60,68319625382722;18072;58,95093945720250;15059;46,90546643824949
New York;Erie;36029;256299;57,98816701924273;227325;54,88356933328505;215456;50,86007671879611
New York;Essex;36031;10390;55,88725727502555;9368;56,03876293593348;7762;45,08072946916018
New York;Franklin;36033;10571;60,41952446273434;9532;59,82176477971633;7297;43,04506842850401
New York;Monroe;36055;207225;58,25426944971537;185916;55,69465539089250;188592;54,22582592944018
New York;New York;36061;572126;85,74117562429657;486172;81,40489294690295;579013;86,55692073567246
New York;Oneida;36065;43506;46,12937771038987;39031;45,01845444059977;33743;37,07655286839763
New York;Otsego;36077;13570;51,99034519750201;11530;47,76502754877998;10451;40,71606669783388
New York;Richmond;36085;79311;47,63995675156175;75557;49,00920418501774;74143;40,97203801945181
New York;St. Lawrence;36089;23706;57,48023859172689;20488;55,08859670350353;16488;42,10633842382144
New York;Saratoga;36091;56645;50,91456563749944;50998;48,33475499952611;50913;44,62373130927130
New York;Warren;36113;16281;50,55269204496057;14276;48,26560281290148;13091;41,68046357615894
North Carolina;Ashe;37009;4872;37,27905731119443;4116;32,64076130055511;3500;26,07270560190703
North Carolina;Bertie;37015;6365;65,19512444945201;6695;66,13652079423096;5778;61,81662565529047
North Carolina;Catawba;37035;25656;36,94115275517991;24069;34,58139969253315;21216;29,32371356304682
North Carolina;Currituck;37053;3737;33,66060169338858;3562;31,51096956829441;2913;22,99313284394980
North Carolina;Dare;37055;8074;44,73625886524823;7393;41,13163458328697;7222;36,83002702840533
North Carolina;Edgecombe;37065;17403;67,11531045121481;18310;67,88521429630728;16224;65,19328136301536
North Carolina;Iredell;37097;27318;37,33905579399141;26076;34,14653309762326;24734;29,95627793186140
North Carolina;Jackson;37099;8766;51,97438633938101;8095;48,47015148793486;7713;41,21733554213648
North Carolina;Lincoln;37109;11713;32,71970501145315;11024;29,97688647178790;9897;24,72828123828798
North Carolina;Moore;37125;17624;38,88104482880339;16505;35,55962512118927;16329;33,53528300336811
North Carolina;Perquimans;37143;2772;42,63959390862944;2759;41,47624774503909;2319;34,57066189624329
North Carolina;Randolph;37151;16414;28,22845546631812;14773;24,33171374454418;13194;20,43205574912892
North Carolina;Rockingham;37157;17255;41,46640392194559;16351;38,91242265587815;14228;33,65343677562799
North Carolina;Rowan;37159;23391;37,99707602339181;22650;36,34933881114392;19400;30,13873137690503
North Carolina;Sampson;37163;11836;45,45664029495353;11566;44,18888973790785;10547;40,67803147176797
North Carolina;Stokes;37169;6875;31,61937175182817;6018;27,83662519080439;4665;20,68736141906874
North Carolina;Vance;37181;13166;63,08274639451871;13323;63,88702407212045;12229;61,21539770736347
North Carolina;Wake;37183;250891;56,73122364300332;267262;54,94390730777690;302736;57,37722317407851
North Carolina;Wilson;37195;19652;52,84074103949881;20875;53,37646066122888;19663;51,56155762422971
North Carolina;Yancey;37199;4486;46,16651229803438;3981;42,12252671674955;3196;32,08835341365462
North Dakota;Cavalier;38019;930;43,66197183098591;818;39,53600773320445;476;23,72881355932203
North Dakota;Foster;38031;687;41,61114476075106;607;36,08799048751487;347;20,18615474112856
North Dakota;Hettinger;38041;406;30,11869436201781;313;22,98091042584435;168;12,96296296296296
North Dakota;LaMoure;38045;868;38,73270861222669;740;33,72835004557885;502;23,33798233379823
North Dakota;McLean;38055;1867;39,42145270270270;1670;33,81936006480357;1081;20,33866415804327
North Dakota;Nelson;38063;907;51,76940639269406;767;45,70917759237187;536;31,21723937099593
North Dakota;Pembina;38067;1494;45,17689749017237;1253;38,49462365591398;681;21,59847764034253
North Dakota;Richland;38077;3513;46,44982149940500;3198;42,00709313017207;2064;27,18651211801897
Ohio;Athens;39009;20722;66,63451025789439;18307;66,23851219335697;16370;55,59895391094658
Ohio;Carroll;39019;6423;46,03311115889056;5543;41,79610918413512;3154;24,12421600122380
Ohio;Delaware;39041;36653;39,66088123268698;37292;37,75984447302073;40872;39,35297515886771
Ohio;Erie;39043;23148;56,14494651822746;21793;55,30516431924882;16057;42,72978870615785
Ohio;Greene;39057;33540;40,12489681656677;32256;38,63456701401365;28943;35,35757042683672
Ohio;Harrison;39067;3683;47,29677667908052;2950;41,31074079260608;1688;23,84517587229834
Ohio;Hocking;39073;6231;48,32105467235363;6157;48,37366436203646;3775;29,40489172768344
Ohio;Knox;39083;11014;39,01385002302433;10470;36,88178103423982;8171;28,48328511172308
Ohio;Licking;39089;33896;41,19441439908609;34201;42,02113281729942;27376;33,07838232984135
Ohio;Marion;39101;12870;44,35331012854534;12504;45,71512138052062;7928;30,11929184712408
Ohio;Ottawa;39123;12049;52,23026572456544;11503;51,22461702885644;8285;37,28958502115402
Ohio;Paulding;39125;4165;42,63486539052104;3538;38,75985977212972;2093;23,13474079805460
Ohio;Vinton;39163;2463;43,62380446333687;2436;44,55825864276569;1351;24,55470737913486
Ohio;Washington;39167;12368;41,32032607243084;11651;39,49625411030883;8026;26,89678284182306
Oklahoma;Alfalfa;40003;411;16,88578471651602;322;15,45847335573692;216;9,56598759964571
Oklahoma;Carter;40019;5603;29,73360220759924;4908;28,66487559864502;4002;21,59274846228553
Oklahoma;Cherokee;40021;7194;43,91941391941392;6144;42,94701523836152;5456;33,08671922377198
Oklahoma;Cleveland;40027;39681;37,99770180982476;34771;37,03494626519113;38829;35,47647327546825
Oklahoma;Delaware;40041;5085;33,10115870329384;4196;29,39198655085458;3311;21,06770170526852
Oklahoma;Johnston;40069;1249;31,56431640131412;1137;30,03169572107766;786;19,56197112991538
Oklahoma;Love;40085;1257;32,68330733229330;1034;29,79827089337176;735;19,39825811559778
Oklahoma;Noble;40103;1174;23,22453016815034;1143;24,68149427769380;901;18,47068470684707
Oklahoma;Pushmataha;40127;1265;28,28079588642969;1043;25,25423728813560;748;16,68525540932411
Oklahoma;Rogers;40131;10772;27,96832402959886;9148;24,92575134192529;7902;19,33826048651559
Oklahoma;Stephens;40137;4538;23,96999788717515;3939;23,38101739182050;3086;17,23637176050045
Oregon;Benton;41003;29901;64,33366323852145;27776;61,99723226641668;29193;59,87939203741308
Oregon;Clackamas;41005;103476;53,92801676065000;95493;50,43679885069613;102095;47,69925107106649
Oregon;Columbia;41009;13390;54,06169250645995;12004;50,27853403141361;10167;38,19595762266136
Oregon;Curry;41015;5230;42,40999026921830;4625;39,60438431238226;4300;34,09721671556578
Oregon;Josephine;41033;17412;41,40883255249827;14953;37,16138973109995;13453;30,19075403949731
Oregon;Klamath;41035;9370;31,87183237525086;8302;29,48991190679170;7210;23,63392008391517
Oregon;Malheur;41045;2949;28,26607878845970;2759;27,71193250301326;2246;21,52371825586967
Oregon;Multnomah;41051;279696;76,68997285514519;274887;75,36891111586360;292561;73,30463564543489
Oregon;Union;41061;4613;36,62855327933936;3973;32,91632145816073;3249;25,05397902529303
Pennsylvania;Butler;42019;32260;35,70361352443141;28550;31,91905640337638;28584;29,44648762246191
Pennsylvania;Cameron;42023;879;38,03548247511900;724;34,29654192325911;531;24,29094236047575
Pennsylvania;Fayette;42051;25866;49,21794725425277;21971;45,29636119987630;17946;33,37735041940223
Pennsylvania;Lawrence;42073;19711;46,83727782530178;17513;44,86371554462548;14009;34,37538340735652
Pennsylvania;Lebanon;42075;23310;40,01579344915196;19900;35,17143867090845;18953;30,64596976311747
Pennsylvania;Schuylkill;42107;28300;44,88216449392584;24546;42,52083080707468;16770;26,67451367128473
Pennsylvania;Tioga;42117;6390;35,56916225994991;5357;31,50435191719595;3901;21,28785811732606
Pennsylvania;Washington;42125;46122;47,06230485092141;40345;42,58047493403694;36322;35,80285855101035
Rhode Island;Newport;44005;25479;60,66861918708479;23463;59,47227010037513;22851;55,67304178340845
South Carolina;Anderson;45007;24132;32,70494802607505;22405;31,02669916357392;21097;26,21298907843893
South Carolina;Beaufort;45013;30396;44,13532742848846;29848;40,72199407888453;32138;40,92761448729051
South Carolina;Darlington;45031;14505;49,44773982409490;15457;51,26699834162520;13888;46,80191413358495
South Carolina;Dillon;45033;7408;55,21353506745174;7523;57,71384733410050;5834;49,87177295264148
South Carolina;Lexington;45063;33303;30,41036598728906;34148;30,32062722534473;35230;28,85505311524821
South Carolina;Marion;45067;9608;63,31883484908396;9688;64,64700387027892;8569;60,02381619501261
South Dakota;Brookings;46011;7207;52,26629922401914;5827;46,99193548387097;4879;38,47791798107256
South Dakota;Buffalo;46017;454;74,18300653594771;472;73,63494539781591;296;60,40816326530612
South Dakota;Custer;46033;1475;33,14606741573034;1335;29,53539823008849;1121;23,74496928616819
South Dakota;Day;46037;1785;56,16740088105728;1497;52,10581273929689;974;35,45686203130688
South Dakota;Fall River;46047;1338;35,63249001331558;1140;32,42320819112628;821;23,04238001683974
South Dakota;Haakon;46055;187;16,38913234005259;138;12,63736263736264;77;7,37547892720306
South Dakota;Hughes;46065;3037;36,21512043882662;2786;34,16309012875536;2450;29,96941896024465
South Dakota;Jackson;46071;435;38,90876565295170;426;38,51717902350813;323;29,49771689497717
South Dakota;McPherson;46089;441;32,33137829912023;272;22,38683127572017;192;16,88654353562005
South Dakota;Potter;46107;482;33,61227336122734;339;24,54742939898624;215;16,08077786088257
South Dakota;Sully;46119;233;28,31105710814095;186;22,73838630806846;137;15,91173054587689
South Dakota;Todd;46121;2208;78,66049162807268;1976;79,13496195434521;1505;70,82352941176471
South Dakota;Turner;46125;1681;39,40459446788561;1411;33,51543942992874;961;23,15662650602410
South Dakota;Walworth;46129;923;35,22900763358779;671;27,25426482534525;457;18,44973758578926
Tennessee;Anderson;47001;11396;36,09756097560975;10122;34,12792069860750;9013;30,16297981995248
Tennessee;Bedford;47003;5027;32,41761785000323;4211;29,15195569401177;3395;22,11006186909801
Tennessee;Carroll;47017;3980;34,17482397389661;3475;32,02469818449912;2327;22,40947611710324
Tennessee;Cheatham;47021;5498;33,46725103481860;4659;30,68765643525228;3878;24,35317759356946
Tennessee;Fayette;47047;6892;35,79515944738755;6688;34,16777357719424;5874;30,28771785088172
Tennessee;Grundy;47061;1971;42,55181347150259;1643;38,77743686570687;999;20,97417593953391
Tennessee;Hamilton;47065;64246;43,55070498915401;58836;41,67416295393856;55316;38,84332340879726
Tennessee;Obion;47131;4308;32,16845878136201;3321;27,00658697243230;2426;19,80569842436118
Tennessee;Scott;47151;1720;25,35751142562288;1452;21,77564487102580;934;13,11245261827882
Tennessee;Union;47173;1829;28,58259102984842;1478;25,36032944406315;1012;16,19977589242837
Tennessee;Van Buren;47175;849;38,48594741613780;875;38,04347826086957;539;22,28193468375362
Tennessee;Washington;47179;15941;32,54460822342902;14325;29,82386742171885;13024;26,17889447236181
Texas;Atascosa;48013;4415;44,42543771382572;5133;40,35060136781700;4651;34,01594383090763
Texas;Blanco;48031;1467;29,70236890058716;1220;24,53247536698170;1244;21,88214599824098
Texas;Briscoe;48045;205;24,69879518072289;117;16,66666666666666;91;12,36413043478261
Texas;Cameron;48061;48480;64,07867084341171;49975;64,99122179595552;59402;64,51199513461266
Texas;Ector;48135;9123;25,62208616525305;8118;24,96847414880202;10249;28,05639200656994
Texas;El Paso;48141;122021;65,87433124767185;112952;65,51284133354986;147843;69,08293147919704
Texas;Erath;48143;3128;22,31257578999929;1965;15,75402870199631;2160;15,54739797020082
Texas;Galveston;48167;41805;39,81276903737000;39511;35,89363905594215;43658;35,52232248195731
Texas;Gonzales;48177;2167;34,46794973755368;1777;29,33795608386990;1571;24,80265235238396
Texas;Hudspeth;48229;430;47,88418708240535;379;43,91657010428737;324;37,19862227324914
Texas;Jeff Davis;48243;468;37,86407766990291;440;36,91275167785235;422;35,43240973971453
Texas;Kaufman;48257;11161;31,75700668658415;9472;27,32044995673493;10278;24,90730643402399
Texas;Kendall;48259;3599;21,49169951033083;3043;17,11184839453410;3643;18,10636182902584
Texas;Lamb;48279;1156;25,54696132596685;998;24,39501344414569;771;19,29912390488110
Texas;Lampasas;48281;1903;24,92795389048991;1479;20,53026096612993;1483;18,07434491163924
Texas;La Salle;48283;1052;59,23423423423423;965;58,62697448359660;1129;54,83244293346284
Texas;Leon;48289;1418;20,13918477488993;1062;15,29157667386609;909;12,21938432585025
Texas;Lipscomb;48295;155;12,34076433121019;119;10,18835616438356;135;10,13513513513514
Texas;McLennan;48309;29998;37,65092752968346;25694;34,46962074562992;27063;34,22447043945621
Texas;Madison;48313;1146;28,12960235640648;967;24,00695134061569;881;20,54091862905106
Texas;Menard;48327;295;28,97838899803536;171;20,14134275618374;154;17,82407407407407
Texas;Mills;48333;398;18,28203950390446;279;12,67605633802817;243;10,82405345211581
Texas;Mitchell;48335;586;24,10530645824764;538;23,22970639032815;354;16,12021857923497
Texas;Navarro;48349;5400;33,08620795294406;4350;28,31293933871388;4002;24,35343516095661
Texas;Palo Pinto;48363;2499;25,26794742163802;1811;19,39595159044661;1708;16,63096397273612
Texas;Panola;48365;2586;25,31323414252153;2211;21,61290322580645;1835;17,61712749615975
Texas;Parker;48367;10502;21,90152447289942;7853;16,46538348639242;8344;14,68574546350564
Texas;Pecos;48371;1476;36,80798004987531;1591;38,33734939759036;1554;37,13261648745519
Texas;Refugio;48391;1382;42,37963814780742;998;37,28053791557714;1034;35,07462686567165
Texas;Roberts;48393;41;7,91505791505791;33;6,49606299212598;20;3,61010830324910
Texas;San Saba;48411;487;19,82091982091982;323;14,29836210712705;293;12,43105642766228
Texas;Scurry;48415;1088;19,53672113485365;838;16,66998209667794;733;13,85895254301380
Texas;Shelby;48419;2548;27,63557483731019;2322;25,01077121930203;1758;19,34844816200748
Texas;Smith;48423;23726;29,82114352509395;21456;26,95443524578837;22300;26,30709701774254
Texas;Sterling;48431;97;15,67043618739903;31;6,27530364372470;70;11,05845181674566
Texas;Sutton;48435;381;24,14448669201521;369;24,78173270651444;313;22,10451977401130
Texas;Titus;48449;3145;34,01838831800973;2648;29,90738649198103;2597;27,57192907952012
Texas;Tom Green;48451;11158;28,71259102956692;9294;25,31045751633987;9173;23,83897710439460
Texas;Trinity;48455;1925;31,67681421754155;1614;25,88612670408982;1154;19,28153717627402
Texas;Wilson;48493;5362;32,76304533789563;4821;28,02092414995641;4790;24,65006175380815
Utah;Grand;49019;2067;50,69904341427520;1727;43,72151898734177;1960;43,23847341716303
Utah;Summit;49043;9532;56,70771610446784;8072;46,15736505032022;10503;50,88416258902186
Vermont;Rutland;50021;19355;61,21706676787804;17088;59,72945576566815;13635;46,03463992707384
Virginia;Amelia;51007;2488;38,10690764282432;2490;36,00867678958785;2128;30,22727272727273
Virginia;Amherst;51009;6094;41,45578231292517;5900;39,41215764863060;5057;32,84619381657573
Virginia;Essex;51057;2934;54,69798657718121;3016;53,14537444933921;2542;47,00443786982248
Virginia;Greensville;51081;3122;63,88377327603847;3135;63,64190012180268;2558;58,62938345175338
Virginia;Henry;51089;11118;44,09280190362879;10317;41,32916716740777;8198;34,00813075582843
Virginia;Highland;51091;590;37,96653796653796;459;32,48407643312102;371;26,67145938173975
Virginia;James City;51095;17352;44,94987436209621;17879;43,35354025218235;19105;44,25219465869873
Virginia;Mecklenburg;51117;7127;47,25500596737833;6921;45,90435763082841;6285;42,05419872867180
Virginia;Middlesex;51119;2391;39,81018981018981;2370;38,98026315789473;2108;35,03407013461858
Virginia;Stafford;51179;25716;46,37273464971599;27182;44,86737203505934;27908;42,32717566050899
Virginia;Surry;51181;2626;60,71676300578035;2576;59,79572887650883;2272;53,73699148533586
Virginia;Warren;51187;6997;43,38955723676051;6452;38,63935800694694;5169;28,78062360801782
Virginia;Washington;51191;8063;32,91020408163266;7076;27,60611735330836;5553;21,48411807946764
Virginia;Lexington;51678;1543;62,24283985478015;1486;55,30331224413845;1514;61,41987829614605
Virginia;Lynchburg;51680;16269;47,37485804140823;15948;43,75548726953468;14792;41,46785904516273
Washington;Douglas;53017;5848;38,45091722006707;5166;34,57368491500468;4918;31,64125329730425
Washington;Ferry;53019;1467;41,90231362467866;1294;37,61627906976744;1098;30,49153013051930
Washington;Mason;53045;15050;53,16893944746697;14764;52,28971135115991;11993;42,72076372315036
Washington;San Juan;53055;7374;70,02184028107492;7125;67,25505002831792;7172;66,56766289214777
West Virginia;Barbour;54001;2419;38,81578947368421;1768;30,68911647283458;1222;20,18500165180046
West Virginia;Braxton;54007;2704;49,99075614716214;1998;41,59034138218152;1321;25,95284872298625
West Virginia;Calhoun;54013;993;40,88102099629477;818;37,06388763026733;456;17,42453190676347
West Virginia;Harrison;54033;13582;42,61420682730924;9732;37,22033120434467;7694;27,51788268955651
West Virginia;Nicholas;54067;4357;46,54417263112916;2664;30,32441661923734;1840;19,38678748287852
West Virginia;Ohio;54069;8593;43,97645854657114;6786;37,88733180726928;5493;30,62214293678225
West Virginia;Raleigh;54081;10237;36,22562723380162;7739;26,84449686079989;6443;21,75366331285029
West Virginia;Tucker;54093;1288;36,72654690618762;880;28,04333970681963;751;21,61151079136691
West Virginia;Wayne;54099;6137;39,77316915100454;4931;35,33500537441777;3357;22,11171123699117
Wisconsin;Ashland;55003;5818;67,85630977373455;5399;64,48877209746774;4228;52,65911072362685
Wisconsin;Barron;55005;12078;52,77462203967491;10890;47,99048122686410;7879;34,79662588879566
Wisconsin;Calumet;55015;13295;50,21908287376293;11489;43,48599545798638;9646;36,19512195121951
Wisconsin;Chippewa;55017;16239;53,71638384439813;15237;49,25966636492952;11886;37,66040366274833
Wisconsin;Columbia;55021;16661;56,91787373599344;17175;56,22667452366922;13526;45,43347552987807
Wisconsin;Florence;55037;1134;42,23463687150838;953;36,30476190476190;666;25,06586375611592
Wisconsin;Jefferson;55055;21448;49,68725385720243;20158;45,52291050337617;16561;38,38362768275159
Wisconsin;Juneau;55057;6186;53,65134431916739;6242;52,77754291029001;4073;34,71701329696557
Wisconsin;Kewaunee;55061;5902;54,71400760174284;5153;46,68841170607955;3623;33,67726343186466
Wisconsin;Lafayette;55065;4732;60,42651002426255;4536;57,04225352112676;3288;42,91307752545027
Wisconsin;Lincoln;55069;8424;55,17422059208803;7563;49,70425867507887;5370;36,51570787433700
Wisconsin;Ozaukee;55089;20579;38,56272838002436;19159;34,32466811186556;20168;36,98989417310126
Wisconsin;Portage;55097;24817;62,95215869311552;22075;56,11765004957165;18521;48,11149210307564
Wyoming;Albany;56001;8644;50,25289227370502;7458;45,75460122699386;6890;40,38686987104337
Wyoming;Laramie;56021;16072;38,44424245323638;14295;36,18529300088596;11573;28,24818765407991
Wyoming;Lincoln;56023;1823;21,16076610562972;1287;14,93385936412161;1105;12,45070422535211
Wyoming;Uinta;56041;2317;27,52435257780946;1628;19,06546434008666;1202;14,19126328217237
Wyoming;Washakie;56043;1042;25,41463414634146;794;20,13184584178499;532;13,94861038280021
Alaska;District 3;2003;5657;64,52606364777004;2034;33,51458230350964;1241;16,30106396952581
Alaska;District 18;2018;2046;31,91389798783341;4247;61,28427128427128;3909;52,81005133747636
Alaska;District 24;2024;3380;43,96462018730490;3128;42,91397996981753;3578;39,40528634361233
